LocNombre,pollutant,endpoint_group,endpoint,casos_totales,valor_total_cop,poblacion_total,casos_x_100k,valor_percapita_cop
ANTONIO NARIÑO,NO2,Hospital Admissions,Asthma,0.036459363881098085,1135751.6877642432,47874.894548634125,0.07615549699866289,23.723325105405298
ANTONIO NARIÑO,NO2,Hospital Admissions,Chronic Lung Disease,0.027111605483360883,1156079.1524341577,47874.894548634125,0.05663011007955187,24.147920602931976
ANTONIO NARIÑO,O3,Mortality,Respiratory mortality,0.005697061641903423,137544297.77882445,47874.894548634125,0.011899893870504536,2872.994271331478
ANTONIO NARIÑO,PM25,Mortality,All-cause mortality,0.0035990385764987087,86891675.88469751,47874.894548634125,0.007517590608669841,1814.973729005875
BARRIOS UNIDOS,NO2,Hospital Admissions,Asthma,0.08780917351491505,2735358.1194117204,116788.21836728427,0.07518667100371908,23.421524513794388
BARRIOS UNIDOS,NO2,Hospital Admissions,Chronic Lung Disease,0.065293369215519,2784206.3056197264,116788.21836728427,0.055907496602251056,23.8397874763681
BARRIOS UNIDOS,O3,Mortality,Respiratory mortality,0.017711968778367858,427620492.9892821,116788.21836728427,0.015165886615947801,3661.5036941865947
BARRIOS UNIDOS,PM25,Mortality,All-cause mortality,0.008973629041041022,216650544.18566474,116788.21836728427,0.007683676629795042,1855.0719174799467
BOSA,NO2,Hospital Admissions,Asthma,0.18640130544562464,5806617.963817044,234824.26708782828,0.0793790640793983,24.727503830109985
BOSA,NO2,Hospital Admissions,Chronic Lung Disease,0.1386135429291602,5910687.48487757,234824.26708782828,0.05902862793874551,25.17068426606383
BOSA,O3,Mortality,Respiratory mortality,0.03225870722019726,778822752.9818859,234824.26708782828,0.01373738226472648,3316.6195412444017
BOSA,PM25,Mortality,All-cause mortality,0.019671545879359608,474930610.5974398,234824.26708782828,0.008377135005387715,2022.4937417554365
CANDELARIA,NO2,Hospital Admissions,Asthma,0.014641346213035542,456095.0028318184,20213.612250295948,0.07243310117824774,22.563755413144463
CANDELARIA,NO2,Hospital Admissions,Chronic Lung Disease,0.010886732676999352,464226.46175369347,20213.612250295948,0.053858422444211865,22.96603180101551
CANDELARIA,O3,Mortality,Respiratory mortality,0.0027056762431596406,65323207.34340921,20213.612250295948,0.013385416765971785,3231.6444252784563
CANDELARIA,PM25,Mortality,All-cause mortality,0.0014473698566765938,34943885.65125424,20213.612250295948,0.007160372123272538,1728.7303831972251
CHAPINERO,NO2,Hospital Admissions,Asthma,0.2928959583272954,9124050.548287632,372926.6487551234,0.0785398306356007,24.466072828919238
CHAPINERO,NO2,Hospital Admissions,Chronic Lung Disease,0.2178067005377248,9287601.42613726,372926.6487551234,0.05840470271158987,24.904633276115973
CHAPINERO,O3,Mortality,Respiratory mortality,0.05279785597890639,1274699920.996448,372926.6487551234,0.014157705316890696,3418.098237955262
CHAPINERO,PM25,Mortality,All-cause mortality,0.030182155158155314,728688506.0441428,372926.6487551234,0.008093322174456342,1953.972740957499
CIUDAD BOLIVAR,NO2,Hospital Admissions,Asthma,1.0093655636715462,31442913.986368164,1275520.6809813357,0.07913361019712983,24.651042084380173
CIUDAD BOLIVAR,NO2,Hospital Admissions,Chronic Lung Disease,0.7505912060667582,32006324.59286659,1275520.6809813357,0.05884586720219093,25.092752371715505
CIUDAD BOLIVAR,O3,Mortality,Respiratory mortality,0.17709804569099416,4275682424.3227835,1275520.6809813357,0.013884372737472343,3352.1074868290184
CIUDAD BOLIVAR,PM25,Mortality,All-cause mortality,0.10562358586832217,2550072802.492246,1275520.6809813357,0.008280821114327956,1999.2406556123574
ENGATIVA,NO2,Hospital Admissions,Asthma,0.2785269955227835,8676440.606165005,352045.9179050161,0.07911666670650945,24.64576398953149
ENGATIVA,NO2,Hospital Admissions,Chronic Lung Disease,0.2071205971513733,8831930.095522072,352045.9179050161,0.0588334040013654,25.087437877649172
ENGATIVA,O3,Mortality,Respiratory mortality,0.05009957696423053,1209555305.1202312,352045.9179050161,0.014230977953775809,3435.7884684990886
ENGATIVA,PM25,Mortality,All-cause mortality,0.028344018979562388,684310339.579027,352045.9179050161,0.00805122784784278,1943.809897445417
FONTIBON,NO2,Hospital Admissions,Asthma,0.28781115914655464,8965653.126152063,326538.43538635905,0.0881400557964999,27.45665488212417
FONTIBON,NO2,Hospital Admissions,Chronic Lung Disease,0.214062786635978,9127955.372974738,326538.43538635905,0.06555515781249449,27.953693604780632
FONTIBON,O3,Mortality,Respiratory mortality,0.0486068846132434,1173517197.386548,326538.43538635905,0.014885501780435715,3593.810315156459
FONTIBON,PM25,Mortality,All-cause mortality,0.029357848144308342,708787241.7608482,326538.43538635905,0.008990625593453415,2170.608923639307
KENNEDY,NO2,Hospital Admissions,Asthma,0.3313479711289409,10321875.57287733,378621.53686336306,0.08751429564042938,27.261723298646608
KENNEDY,NO2,Hospital Admissions,Chronic Lung Disease,0.24643568558101756,10508383.898212282,378621.53686336306,0.06508760373817596,27.754321598468785
KENNEDY,O3,Mortality,Respiratory mortality,0.055021474345426896,1328384793.3000195,378621.53686336306,0.014532050870968559,3508.476576120938
KENNEDY,PM25,Mortality,All-cause mortality,0.03493414105316433,843415817.0804895,378621.53686336306,0.009226665060464155,2227.5959895669153
LOS MARTIRES,NO2,Hospital Admissions,Asthma,0.051703509939318534,1610624.6084935192,63911.56329621607,0.0808985217583931,25.2008326103467
LOS MARTIRES,NO2,Hospital Admissions,Chronic Lung Disease,0.03844728301696847,1639449.290117919,63911.56329621607,0.06015700607849905,25.65184147537483
LOS MARTIRES,O3,Mortality,Respiratory mortality,0.007872547787177674,190067112.69422275,63911.56329621607,0.012317877049400502,2973.908051870104
LOS MARTIRES,PM25,Mortality,All-cause mortality,0.00509222570930754,122941729.14793527,63911.56329621607,0.007967612504964387,1923.6226248781827
PUENTE ARANDA,NO2,Hospital Admissions,Asthma,0.1518775720050337,4731163.4207551405,169848.67937511925,0.08941934230151095,27.855167541845475
PUENTE ARANDA,NO2,Hospital Admissions,Chronic Lung Disease,0.11295954545824577,4816762.904464036,169848.67937511925,0.06650598984568436,28.359142515473884
PUENTE ARANDA,O3,Mortality,Respiratory mortality,0.019759520751884682,477054590.08445126,169848.67937511925,0.011633602819039175,2808.703558011496
PUENTE ARANDA,PM25,Mortality,All-cause mortality,0.014812570168125944,357620241.82588,169848.67937511925,0.008721039352570795,2105.522651936892
RAFAEL URIBE URIBE,NO2,Hospital Admissions,Asthma,0.10806853915674351,3366460.976712768,135733.0117693381,0.07961846403319553,24.80207970654672
RAFAEL URIBE URIBE,NO2,Hospital Admissions,Chronic Lung Disease,0.08036594927595347,3426923.5210187673,135733.0117693381,0.059208845533115936,25.24753172678737
RAFAEL URIBE URIBE,O3,Mortality,Respiratory mortality,0.017181978233921008,414824918.38479114,135733.0117693381,0.012658658354328504,3056.1829652003603
RAFAEL URIBE URIBE,PM25,Mortality,All-cause mortality,0.011280145764988274,272336833.5487626,135733.0117693381,0.008310539652768865,2006.415609575998
SAN CRISTOBAL,NO2,Hospital Admissions,Asthma,0.3720646601618704,11590247.902140493,481725.6252340402,0.07723580409099216,24.05985335845383
SAN CRISTOBAL,NO2,Hospital Admissions,Chronic Lung Disease,0.2766572880161101,11797077.942901248,481725.6252340402,0.05743046944652357,24.4892057323498
SAN CRISTOBAL,O3,Mortality,Respiratory mortality,0.06529315264622929,1576374172.3339849,481725.6252340402,0.013554012746261411,3272.348593804043
SAN CRISTOBAL,PM25,Mortality,All-cause mortality,0.03790113570968988,915048041.2333223,481725.6252340402,0.007867784839404401,1899.5212073029288
SANTA FE,NO2,Hospital Admissions,Asthma,0.3493280876357643,10881977.162565498,443191.64603509073,0.07882100007095022,24.553660385791414
SANTA FE,NO2,Hospital Admissions,Chronic Lung Disease,0.2597706085730747,11077004.833622897,443191.64603509073,0.05861360675388425,24.993713064586622
SANTA FE,O3,Mortality,Respiratory mortality,0.06093473782157044,1471148857.2211523,443191.64603509073,0.013749071844360937,3319.4417592985737
SANTA FE,PM25,Mortality,All-cause mortality,0.03528571742793242,851903934.0472116,443191.64603509073,0.007961728914253629,1922.2021481419354
SUBA,NO2,Hospital Admissions,Asthma,0.7955692941242591,24782910.95483099,986644.6160009813,0.08063382511008076,25.11837651866976
SUBA,NO2,Hospital Admissions,Chronic Lung Disease,0.5916216147069209,25227624.948727965,986644.6160009813,0.05996299023095591,25.56911023442191
SUBA,O3,Mortality,Respiratory mortality,0.13018516294843493,3143063555.3000164,986644.6160009813,0.01319473707524954,3185.6085811721396
SUBA,PM25,Mortality,All-cause mortality,0.07901278712915136,1907607641.330677,986644.6160009813,0.008008231722725254,1933.429332501197
SUMAPAZ,NO2,Hospital Admissions,Asthma,6.045874709989198,188336045.2550654,7662662.412896796,0.07890044457411524,24.578408274659562
SUMAPAZ,NO2,Hospital Admissions,Chronic Lung Disease,4.495841966286652,191709383.38758522,7662662.412896796,0.058672061015239765,25.018638830405074
SUMAPAZ,O3,Mortality,Respiratory mortality,1.0449815341875415,25229014594.906605,7662662.412896796,0.013637316612418739,3292.460666470757
SUMAPAZ,PM25,Mortality,All-cause mortality,0.6132689549449736,14806167294.563015,7662662.412896796,0.008003340378310273,1932.2484140294632
TEUSAQUILLO,NO2,Hospital Admissions,Asthma,0.10939519291789505,3407787.787932527,139253.35648645076,0.07855838859334002,24.47185384909628
TEUSAQUILLO,NO2,Hospital Admissions,Chronic Lung Disease,0.08134726561056063,3468768.308007819,139253.35648645076,0.05841673598616322,24.90976444323859
TEUSAQUILLO,O3,Mortality,Respiratory mortality,0.020066385304413792,484463228.4394205,139253.35648645076,0.014409983221026513,3479.0057537073326
TEUSAQUILLO,PM25,Mortality,All-cause mortality,0.011019458303513007,266043049.8261803,139253.35648645076,0.007913244306312425,1910.4964974547388
TUNJUELITO,NO2,Hospital Admissions,Asthma,0.06492557628941786,2022507.3890551815,97241.17758407132,0.06676757511835507,20.7988779990513
TUNJUELITO,NO2,Hospital Admissions,Chronic Lung Disease,0.04827436490151682,2058490.6671755125,97241.17758407132,0.049643953416525104,21.168919570063963
TUNJUELITO,O3,Mortality,Respiratory mortality,0.015090050806885958,364319463.6360751,97241.17758407132,0.015518169546887303,3746.5554478821196
TUNJUELITO,PM25,Mortality,All-cause mortality,0.010160344676773906,245301448.64129856,97241.17758407132,0.010448603080716117,2522.6087829841376
USAQUEN,NO2,Hospital Admissions,Asthma,0.472059051054919,14705189.747920085,639726.475749606,0.07379076354496335,22.986683067461183
USAQUEN,NO2,Hospital Admissions,Chronic Lung Disease,0.35101672283029467,14967874.760088071,639726.475749606,0.05486981329309331,23.397303890775056
USAQUEN,O3,Mortality,Respiratory mortality,0.09363380661957041,2260603270.4859715,639726.475749606,0.01463653767180013,3533.7028498579593
USAQUEN,PM25,Mortality,All-cause mortality,0.05024758536928824,1213128675.6432548,639726.475749606,0.007854542101045626,1896.3240097602009
USME,NO2,Hospital Admissions,Asthma,1.667401060790841,51941486.83309532,2110150.223423484,0.07901812118786825,24.615065911670516
USME,NO2,Hospital Admissions,Chronic Lung Disease,1.2399130820215554,52871736.63821728,2110150.223423484,0.058759469740971064,25.05591121016909
USME,O3,Mortality,Respiratory mortality,0.28755660285600476,6942486056.422412,2110150.223423484,0.013627304808160823,3290.0435141337953
USME,PM25,Mortality,All-cause mortality,0.16958479920476752,4094289931.6759953,2110150.223423484,0.00803662210028038,1940.2836282591604
