cell_id,year,age_group,male,female,total,area_weight,allocation_method
0,2026,0-4,1798,1706,3504,0.004111111935662014,area_weighted_provisional
1,2026,0-4,977,927,1904,0.002232732950754266,area_weighted_provisional
2,2026,0-4,19,17,36,4.241941865939031e-05,area_weighted_provisional
41,2026,0-4,1453,1379,2832,0.0033216927073333553,area_weighted_provisional
42,2026,0-4,2408,2285,4693,0.005504362858102118,area_weighted_provisional
43,2026,0-4,1753,1663,3416,0.004006961218415471,area_weighted_provisional
44,2026,0-4,241,229,470,0.0005515840395041757,area_weighted_provisional
82,2026,0-4,168,160,328,0.0003848040635349,area_weighted_provisional
83,2026,0-4,1052,998,2050,0.002405398567899838,area_weighted_provisional
84,2026,0-4,2354,2233,4587,0.005381333476728624,area_weighted_provisional
85,2026,0-4,2351,2231,4582,0.0053747135168399005,area_weighted_provisional
86,2026,0-4,1805,1713,3518,0.004127307141022788,area_weighted_provisional
87,2026,0-4,606,575,1181,0.001384623463900123,area_weighted_provisional
91,2026,0-4,138,131,269,0.0003148698122345305,area_weighted_provisional
125,2026,0-4,968,919,1887,0.002213422651104565,area_weighted_provisional
126,2026,0-4,2393,2271,4664,0.005472321831802506,area_weighted_provisional
127,2026,0-4,2408,2285,4693,0.005504362858102118,area_weighted_provisional
128,2026,0-4,2407,2284,4691,0.005503826868190568,area_weighted_provisional
129,2026,0-4,1883,1786,3669,0.0043041670150810365,area_weighted_provisional
130,2026,0-4,1332,1264,2596,0.003045790110037765,area_weighted_provisional
131,2026,0-4,1335,1267,2602,0.003052926390237525,area_weighted_provisional
132,2026,0-4,2253,2138,4391,0.005151562368275188,area_weighted_provisional
133,2026,0-4,1942,1843,3785,0.004441182420478566,area_weighted_provisional
134,2026,0-4,1789,1698,3487,0.004090783114869541,area_weighted_provisional
135,2026,0-4,749,710,1459,0.001711608908847373,area_weighted_provisional
136,2026,0-4,161,153,314,0.000368818662799663,area_weighted_provisional
166,2026,0-4,1,1,2,3.4639218255227433e-06,area_weighted_provisional
167,2026,0-4,1652,1568,3220,0.0037779729528336745,area_weighted_provisional
168,2026,0-4,2408,2285,4693,0.005504362858102118,area_weighted_provisional
169,2026,0-4,2385,2263,4648,0.005453058322428236,area_weighted_provisional
170,2026,0-4,2408,2285,4693,0.005504362858102118,area_weighted_provisional
171,2026,0-4,2408,2285,4693,0.005504362858102118,area_weighted_provisional
172,2026,0-4,2408,2285,4693,0.005504362858102118,area_weighted_provisional
173,2026,0-4,2408,2285,4693,0.005504362858102118,area_weighted_provisional
174,2026,0-4,2408,2285,4693,0.005504362858102118,area_weighted_provisional
175,2026,0-4,2408,2285,4693,0.005504362858102118,area_weighted_provisional
176,2026,0-4,2408,2285,4693,0.005504362858102118,area_weighted_provisional
177,2026,0-4,2293,2176,4469,0.0052432719084450335,area_weighted_provisional
178,2026,0-4,882,837,1719,0.002016523644884431,area_weighted_provisional
208,2026,0-4,1273,1208,2481,0.0029102057493388973,area_weighted_provisional
209,2026,0-4,591,560,1151,0.0013503419896838099,area_weighted_provisional
210,2026,0-4,751,712,1463,0.0017166861317322799,area_weighted_provisional
211,2026,0-4,2408,2285,4693,0.005504362858102118,area_weighted_provisional
212,2026,0-4,2408,2285,4693,0.005504362858102118,area_weighted_provisional
213,2026,0-4,2408,2285,4693,0.005504362858102118,area_weighted_provisional
214,2026,0-4,2408,2285,4693,0.005504362858102118,area_weighted_provisional
215,2026,0-4,2408,2285,4693,0.005504362858102118,area_weighted_provisional
216,2026,0-4,2408,2285,4693,0.005504362858102118,area_weighted_provisional
217,2026,0-4,2408,2285,4693,0.005504362858102118,area_weighted_provisional
218,2026,0-4,2086,1979,4065,0.00476871987383445,area_weighted_provisional
219,2026,0-4,138,131,269,0.0003154592911498096,area_weighted_provisional
251,2026,0-4,2,2,4,5.030637835263106e-06,area_weighted_provisional
252,2026,0-4,779,739,1518,0.0017817721696142136,area_weighted_provisional
253,2026,0-4,2102,1994,4096,0.004805048750298166,area_weighted_provisional
254,2026,0-4,2408,2285,4693,0.005504362858102118,area_weighted_provisional
255,2026,0-4,2408,2285,4693,0.005504362858102118,area_weighted_provisional
256,2026,0-4,2408,2285,4693,0.005504362858102118,area_weighted_provisional
257,2026,0-4,2408,2285,4693,0.005504362858102118,area_weighted_provisional
258,2026,0-4,2408,2285,4693,0.005504362858102118,area_weighted_provisional
259,2026,0-4,1246,1182,2428,0.0028490408936309645,area_weighted_provisional
294,2026,0-4,283,268,551,0.0006472196012305467,area_weighted_provisional
295,2026,0-4,1583,1502,3085,0.0036187680109467657,area_weighted_provisional
296,2026,0-4,2399,2276,4675,0.005484148007521991,area_weighted_provisional
297,2026,0-4,2408,2285,4693,0.005504362858102118,area_weighted_provisional
298,2026,0-4,2408,2285,4693,0.005504362858102118,area_weighted_provisional
299,2026,0-4,2408,2285,4693,0.005504362858102118,area_weighted_provisional
300,2026,0-4,1772,1682,3454,0.004051713184843394,area_weighted_provisional
301,2026,0-4,969,919,1888,0.0022153498432457594,area_weighted_provisional
302,2026,0-4,882,837,1719,0.002016865757500113,area_weighted_provisional
303,2026,0-4,680,646,1326,0.0015557258966317098,area_weighted_provisional
304,2026,0-4,223,212,435,0.000510837061523148,area_weighted_provisional
337,2026,0-4,337,320,657,0.0007711488142451473,area_weighted_provisional
338,2026,0-4,2026,1923,3949,0.004632770625474323,area_weighted_provisional
339,2026,0-4,2408,2285,4693,0.005504362858102118,area_weighted_provisional
340,2026,0-4,2408,2285,4693,0.005504362858102118,area_weighted_provisional
341,2026,0-4,2408,2285,4693,0.005504362858102118,area_weighted_provisional
342,2026,0-4,2408,2285,4693,0.005504362858102118,area_weighted_provisional
343,2026,0-4,2408,2285,4693,0.005504362858102118,area_weighted_provisional
344,2026,0-4,2408,2285,4693,0.005504362858102118,area_weighted_provisional
345,2026,0-4,2351,2231,4582,0.005375151582711521,area_weighted_provisional
346,2026,0-4,924,877,1801,0.002113491754257016,area_weighted_provisional
347,2026,0-4,58,55,113,0.00013291063911398672,area_weighted_provisional
348,2026,0-4,881,836,1717,0.0020138394336734326,area_weighted_provisional
349,2026,0-4,818,776,1594,0.0018699060965608424,area_weighted_provisional
350,2026,0-4,1126,1068,2194,0.0025739390493758375,area_weighted_provisional
351,2026,0-4,871,826,1697,0.001991402926245202,area_weighted_provisional
352,2026,0-4,322,305,627,0.0007363260505054276,area_weighted_provisional
353,2026,0-4,1,1,2,1.78467170163296e-06,area_weighted_provisional
360,2026,0-4,709,673,1382,0.0016218000853290696,area_weighted_provisional
361,2026,0-4,571,542,1113,0.0013051572944808,area_weighted_provisional
379,2026,0-4,1498,1422,2920,0.003425495091580223,area_weighted_provisional
380,2026,0-4,2408,2285,4693,0.005504362858102118,area_weighted_provisional
381,2026,0-4,2408,2285,4693,0.005504362858102118,area_weighted_provisional
382,2026,0-4,2408,2285,4693,0.005504362858102118,area_weighted_provisional
383,2026,0-4,2408,2285,4693,0.005504362858102118,area_weighted_provisional
384,2026,0-4,2408,2285,4693,0.005504362858102118,area_weighted_provisional
385,2026,0-4,2408,2285,4693,0.005504362858102118,area_weighted_provisional
386,2026,0-4,2408,2285,4693,0.005504362858102118,area_weighted_provisional
387,2026,0-4,2405,2282,4687,0.005499201613981656,area_weighted_provisional
388,2026,0-4,2363,2242,4605,0.005401936818714297,area_weighted_provisional
389,2026,0-4,2408,2285,4693,0.005504362858102118,area_weighted_provisional
390,2026,0-4,2408,2285,4693,0.005504362858102118,area_weighted_provisional
391,2026,0-4,2408,2285,4693,0.005504362858102118,area_weighted_provisional
392,2026,0-4,2408,2285,4693,0.005504362858102118,area_weighted_provisional
393,2026,0-4,2408,2285,4693,0.005504362858102118,area_weighted_provisional
394,2026,0-4,1790,1699,3489,0.004092867054480344,area_weighted_provisional
395,2026,0-4,793,752,1545,0.0018124650309546732,area_weighted_provisional
396,2026,0-4,194,184,378,0.0004434106069369428,area_weighted_provisional
397,2026,0-4,69,65,134,0.00015791034600272445,area_weighted_provisional
398,2026,0-4,276,262,538,0.0006316200815688617,area_weighted_provisional
400,2026,0-4,191,181,372,0.00043761263591475167,area_weighted_provisional
401,2026,0-4,2372,2251,4623,0.005422777106114381,area_weighted_provisional
402,2026,0-4,2097,1990,4087,0.004793950019297215,area_weighted_provisional
403,2026,0-4,19,17,36,4.251104922462493e-05,area_weighted_provisional
420,2026,0-4,1249,1185,2434,0.002854707439506283,area_weighted_provisional
421,2026,0-4,2408,2285,4693,0.005504362858102118,area_weighted_provisional
422,2026,0-4,2408,2285,4693,0.005504362858102118,area_weighted_provisional
423,2026,0-4,2408,2285,4693,0.005504362858102118,area_weighted_provisional
424,2026,0-4,2408,2285,4693,0.005504362858102118,area_weighted_provisional
425,2026,0-4,2408,2285,4693,0.005504362858102118,area_weighted_provisional
426,2026,0-4,2408,2285,4693,0.005504362858102118,area_weighted_provisional
427,2026,0-4,2408,2285,4693,0.005504362858102118,area_weighted_provisional
428,2026,0-4,2408,2285,4693,0.005504362858102118,area_weighted_provisional
429,2026,0-4,2408,2285,4693,0.005504362858102118,area_weighted_provisional
430,2026,0-4,2408,2285,4693,0.005504362858102118,area_weighted_provisional
431,2026,0-4,2408,2285,4693,0.005504362858102118,area_weighted_provisional
432,2026,0-4,2408,2285,4693,0.005504362858102118,area_weighted_provisional
433,2026,0-4,2408,2285,4693,0.005504362858102118,area_weighted_provisional
434,2026,0-4,2407,2285,4692,0.005504362858102118,area_weighted_provisional
435,2026,0-4,2407,2285,4692,0.005504362858102118,area_weighted_provisional
436,2026,0-4,2407,2285,4692,0.005504362858102118,area_weighted_provisional
437,2026,0-4,2384,2262,4646,0.0054513347313239775,area_weighted_provisional
438,2026,0-4,2272,2156,4428,0.005195218262947441,area_weighted_provisional
439,2026,0-4,2273,2157,4430,0.005197840339778438,area_weighted_provisional
440,2026,0-4,2108,2000,4108,0.004819901132293337,area_weighted_provisional
441,2026,0-4,2338,2219,4557,0.005346316150884353,area_weighted_provisional
442,2026,0-4,2407,2284,4691,0.005504362858102118,area_weighted_provisional
443,2026,0-4,2406,2283,4689,0.005500679921816726,area_weighted_provisional
444,2026,0-4,1242,1179,2421,0.002839915144345497,area_weighted_provisional
445,2026,0-4,1563,1484,3047,0.003574598269417019,area_weighted_provisional
446,2026,0-4,220,209,429,0.0005034771006790519,area_weighted_provisional
461,2026,0-4,624,592,1216,0.0014275715287714185,area_weighted_provisional
462,2026,0-4,2034,1930,3964,0.0046501572371633665,area_weighted_provisional
463,2026,0-4,2182,2071,4253,0.004988901904343847,area_weighted_provisional
464,2026,0-4,2254,2139,4393,0.005154360151015372,area_weighted_provisional
465,2026,0-4,2407,2284,4691,0.005504362858102118,area_weighted_provisional
466,2026,0-4,2407,2284,4691,0.005504362858102118,area_weighted_provisional
467,2026,0-4,2407,2284,4691,0.005504011179892893,area_weighted_provisional
468,2026,0-4,1650,1566,3216,0.0037723869716793468,area_weighted_provisional
469,2026,0-4,1026,973,1999,0.0023458000788044815,area_weighted_provisional
470,2026,0-4,404,383,787,0.000923867902054614,area_weighted_provisional
471,2026,0-4,1533,1454,2987,0.0035042576346892987,area_weighted_provisional
472,2026,0-4,2375,2253,4628,0.005429407711345488,area_weighted_provisional
473,2026,0-4,2408,2285,4693,0.005504362858102118,area_weighted_provisional
474,2026,0-4,2407,2285,4692,0.005504362858102118,area_weighted_provisional
475,2026,0-4,2407,2285,4692,0.005504362858102118,area_weighted_provisional
476,2026,0-4,2407,2284,4691,0.005504362858102118,area_weighted_provisional
477,2026,0-4,2407,2284,4691,0.005504362858102118,area_weighted_provisional
478,2026,0-4,2407,2284,4691,0.005504362858102118,area_weighted_provisional
479,2026,0-4,2407,2285,4692,0.005504362858102118,area_weighted_provisional
480,2026,0-4,2407,2284,4691,0.005504362858102118,area_weighted_provisional
481,2026,0-4,2408,2284,4692,0.005504362858102118,area_weighted_provisional
482,2026,0-4,2407,2285,4692,0.005504362858102118,area_weighted_provisional
483,2026,0-4,2407,2285,4692,0.005504362858102118,area_weighted_provisional
484,2026,0-4,2407,2284,4691,0.005504362858102118,area_weighted_provisional
485,2026,0-4,2407,2284,4691,0.005504362858102118,area_weighted_provisional
486,2026,0-4,2407,2284,4691,0.005504362858102118,area_weighted_provisional
487,2026,0-4,1821,1728,3549,0.004163615085023834,area_weighted_provisional
488,2026,0-4,168,159,327,0.00038425434643216664,area_weighted_provisional
503,2026,0-4,3,3,6,6.791161812094891e-06,area_weighted_provisional
504,2026,0-4,16,15,31,3.647063058182515e-05,area_weighted_provisional
505,2026,0-4,819,777,1596,0.001872240417688254,area_weighted_provisional
506,2026,0-4,1948,1848,3796,0.004453293192367749,area_weighted_provisional
507,2026,0-4,995,944,1939,0.0022744011585752095,area_weighted_provisional
508,2026,0-4,874,829,1703,0.001998514113125158,area_weighted_provisional
509,2026,0-4,11,11,22,2.6332356787668506e-05,area_weighted_provisional
513,2026,0-4,810,769,1579,0.001852534780810793,area_weighted_provisional
514,2026,0-4,2149,2040,4189,0.004914290439343731,area_weighted_provisional
515,2026,0-4,2306,2189,4495,0.005273391836416695,area_weighted_provisional
516,2026,0-4,1092,1036,2128,0.0024970672067845465,area_weighted_provisional
517,2026,0-4,1124,1066,2190,0.0025692773346532426,area_weighted_provisional
518,2026,0-4,1935,1836,3771,0.004424388456693288,area_weighted_provisional
519,2026,0-4,2407,2284,4691,0.005504362858102118,area_weighted_provisional
520,2026,0-4,2407,2284,4691,0.005504362858102118,area_weighted_provisional
521,2026,0-4,2408,2285,4693,0.005504362858102118,area_weighted_provisional
522,2026,0-4,2408,2284,4692,0.005504362858102118,area_weighted_provisional
523,2026,0-4,2408,2284,4692,0.005504362858102118,area_weighted_provisional
524,2026,0-4,2408,2285,4693,0.005504362858102118,area_weighted_provisional
525,2026,0-4,2407,2285,4692,0.005504362858102118,area_weighted_provisional
526,2026,0-4,2408,2285,4693,0.005504362858102118,area_weighted_provisional
527,2026,0-4,2408,2285,4693,0.005504362858102118,area_weighted_provisional
528,2026,0-4,2408,2285,4693,0.005504362858102118,area_weighted_provisional
529,2026,0-4,2242,2128,4370,0.0051262204991202485,area_weighted_provisional
530,2026,0-4,1450,1376,2826,0.003314862556476103,area_weighted_provisional
531,2026,0-4,238,226,464,0.0005443532989445522,area_weighted_provisional
546,2026,0-4,1,1,2,2.1170105978231454e-06,area_weighted_provisional
547,2026,0-4,140,132,272,0.00031929124289908515,area_weighted_provisional
555,2026,0-4,22,21,43,5.07144227603341e-05,area_weighted_provisional
556,2026,0-4,179,169,348,0.0004083370190521384,area_weighted_provisional
559,2026,0-4,410,389,799,0.000936481071646616,area_weighted_provisional
560,2026,0-4,2125,2016,4141,0.0048575835080811305,area_weighted_provisional
561,2026,0-4,2407,2285,4692,0.005504362858102118,area_weighted_provisional
562,2026,0-4,2407,2285,4692,0.005504362858102118,area_weighted_provisional
563,2026,0-4,2407,2285,4692,0.005504362858102118,area_weighted_provisional
564,2026,0-4,2407,2284,4691,0.005504362858102118,area_weighted_provisional
565,2026,0-4,2407,2285,4692,0.005504362858102118,area_weighted_provisional
566,2026,0-4,2407,2285,4692,0.005504362858102118,area_weighted_provisional
567,2026,0-4,2407,2284,4691,0.005504362858102118,area_weighted_provisional
568,2026,0-4,2407,2284,4691,0.005504362858102118,area_weighted_provisional
569,2026,0-4,2407,2285,4692,0.005504362858102118,area_weighted_provisional
570,2026,0-4,2407,2285,4692,0.005504362858102118,area_weighted_provisional
571,2026,0-4,2407,2285,4692,0.005504362858102118,area_weighted_provisional
572,2026,0-4,1471,1395,2866,0.0033622425855191923,area_weighted_provisional
573,2026,0-4,733,696,1429,0.0016763963668704625,area_weighted_provisional
601,2026,0-4,107,102,209,0.00024525054271355045,area_weighted_provisional
602,2026,0-4,1498,1422,2920,0.003425293598627441,area_weighted_provisional
603,2026,0-4,2407,2285,4692,0.005504362858102118,area_weighted_provisional
604,2026,0-4,2407,2285,4692,0.005504362858102118,area_weighted_provisional
605,2026,0-4,2407,2285,4692,0.005504362858102118,area_weighted_provisional
606,2026,0-4,2407,2285,4692,0.005504362858102118,area_weighted_provisional
607,2026,0-4,2407,2285,4692,0.005504362858102118,area_weighted_provisional
608,2026,0-4,2407,2285,4692,0.005504362858102118,area_weighted_provisional
609,2026,0-4,2407,2285,4692,0.005504362858102118,area_weighted_provisional
610,2026,0-4,2407,2285,4692,0.005504362858102118,area_weighted_provisional
611,2026,0-4,2407,2285,4692,0.005504362858102118,area_weighted_provisional
612,2026,0-4,2407,2285,4692,0.005504362858102118,area_weighted_provisional
613,2026,0-4,2407,2285,4692,0.005504362858102118,area_weighted_provisional
614,2026,0-4,1300,1233,2533,0.0029721021594356673,area_weighted_provisional
643,2026,0-4,64,60,124,0.0001461440527346009,area_weighted_provisional
644,2026,0-4,729,691,1420,0.0016658379907405322,area_weighted_provisional
645,2026,0-4,1904,1807,3711,0.004352749966155059,area_weighted_provisional
646,2026,0-4,2407,2285,4692,0.005504362858102118,area_weighted_provisional
647,2026,0-4,2407,2285,4692,0.005504362858102118,area_weighted_provisional
648,2026,0-4,1969,1869,3838,0.004502232022630705,area_weighted_provisional
649,2026,0-4,2144,2035,4179,0.0049021398742487825,area_weighted_provisional
650,2026,0-4,2408,2285,4693,0.005504362858102118,area_weighted_provisional
651,2026,0-4,2407,2285,4692,0.005504362858102118,area_weighted_provisional
652,2026,0-4,2407,2285,4692,0.005504362858102118,area_weighted_provisional
653,2026,0-4,2402,2279,4681,0.0054916111057319505,area_weighted_provisional
654,2026,0-4,2407,2285,4692,0.005504362858102118,area_weighted_provisional
655,2026,0-4,763,724,1487,0.0017443205230780916,area_weighted_provisional
686,2026,0-4,464,441,905,0.0010619405567418607,area_weighted_provisional
687,2026,0-4,1368,1298,2666,0.003127285507103767,area_weighted_provisional
688,2026,0-4,2147,2037,4184,0.004908149450899529,area_weighted_provisional
689,2026,0-4,419,398,817,0.0009588093310067073,area_weighted_provisional
690,2026,0-4,728,691,1419,0.0016641250463270314,area_weighted_provisional
691,2026,0-4,501,475,976,0.0011447135277271316,area_weighted_provisional
692,2026,0-4,789,748,1537,0.001803077931724942,area_weighted_provisional
693,2026,0-4,716,679,1395,0.0016364373293684866,area_weighted_provisional
694,2026,0-4,94,89,183,0.0002149340419818776,area_weighted_provisional
695,2026,0-4,945,897,1842,0.002160514850005472,area_weighted_provisional
696,2026,0-4,227,216,443,0.0005201941144574007,area_weighted_provisional
729,2026,0-4,12,12,24,2.833407408526698e-05,area_weighted_provisional
730,2026,0-4,44,42,86,0.00010169095337973231,area_weighted_provisional
0,2026,15-44,16426,16303,32729,0.004111111935662014,area_weighted_provisional
1,2026,15-44,8921,8854,17775,0.002232732950754266,area_weighted_provisional
2,2026,15-44,170,168,338,4.241941865939031e-05,area_weighted_provisional
41,2026,15-44,13272,13172,26444,0.0033216927073333553,area_weighted_provisional
42,2026,15-44,21993,21828,43821,0.005504362858102118,area_weighted_provisional
43,2026,15-44,16010,15890,31900,0.004006961218415471,area_weighted_provisional
44,2026,15-44,2204,2187,4391,0.0005515840395041757,area_weighted_provisional
82,2026,15-44,1538,1526,3064,0.0003848040635349,area_weighted_provisional
83,2026,15-44,9611,9539,19150,0.002405398567899838,area_weighted_provisional
84,2026,15-44,21501,21340,42841,0.005381333476728624,area_weighted_provisional
85,2026,15-44,21475,21313,42788,0.0053747135168399005,area_weighted_provisional
86,2026,15-44,16491,16367,32858,0.004127307141022788,area_weighted_provisional
87,2026,15-44,5532,5491,11023,0.001384623463900123,area_weighted_provisional
91,2026,15-44,1258,1248,2506,0.0003148698122345305,area_weighted_provisional
125,2026,15-44,8844,8777,17621,0.002213422651104565,area_weighted_provisional
126,2026,15-44,21865,21700,43565,0.005472321831802506,area_weighted_provisional
127,2026,15-44,21993,21828,43821,0.005504362858102118,area_weighted_provisional
128,2026,15-44,21991,21825,43816,0.005503826868190568,area_weighted_provisional
129,2026,15-44,17198,17068,34266,0.0043041670150810365,area_weighted_provisional
130,2026,15-44,12170,12078,24248,0.003045790110037765,area_weighted_provisional
131,2026,15-44,12198,12106,24304,0.003052926390237525,area_weighted_provisional
132,2026,15-44,20583,20428,41011,0.005151562368275188,area_weighted_provisional
133,2026,15-44,17745,17611,35356,0.004441182420478566,area_weighted_provisional
134,2026,15-44,16345,16222,32567,0.004090783114869541,area_weighted_provisional
135,2026,15-44,6839,6787,13626,0.001711608908847373,area_weighted_provisional
136,2026,15-44,1474,1462,2936,0.000368818662799663,area_weighted_provisional
166,2026,15-44,14,14,28,3.4639218255227433e-06,area_weighted_provisional
167,2026,15-44,15095,14981,30076,0.0037779729528336745,area_weighted_provisional
168,2026,15-44,21993,21828,43821,0.005504362858102118,area_weighted_provisional
169,2026,15-44,21788,21624,43412,0.005453058322428236,area_weighted_provisional
170,2026,15-44,21993,21828,43821,0.005504362858102118,area_weighted_provisional
171,2026,15-44,21993,21828,43821,0.005504362858102118,area_weighted_provisional
172,2026,15-44,21993,21828,43821,0.005504362858102118,area_weighted_provisional
173,2026,15-44,21993,21828,43821,0.005504362858102118,area_weighted_provisional
174,2026,15-44,21993,21828,43821,0.005504362858102118,area_weighted_provisional
175,2026,15-44,21993,21828,43821,0.005504362858102118,area_weighted_provisional
176,2026,15-44,21993,21828,43821,0.005504362858102118,area_weighted_provisional
177,2026,15-44,20950,20792,41742,0.0052432719084450335,area_weighted_provisional
178,2026,15-44,8057,7996,16053,0.002016523644884431,area_weighted_provisional
208,2026,15-44,11628,11540,23168,0.0029102057493388973,area_weighted_provisional
209,2026,15-44,5395,5355,10750,0.0013503419896838099,area_weighted_provisional
210,2026,15-44,6859,6807,13666,0.0017166861317322799,area_weighted_provisional
211,2026,15-44,21993,21828,43821,0.005504362858102118,area_weighted_provisional
212,2026,15-44,21993,21828,43821,0.005504362858102118,area_weighted_provisional
213,2026,15-44,21993,21828,43821,0.005504362858102118,area_weighted_provisional
214,2026,15-44,21993,21828,43821,0.005504362858102118,area_weighted_provisional
215,2026,15-44,21993,21828,43821,0.005504362858102118,area_weighted_provisional
216,2026,15-44,21993,21828,43821,0.005504362858102118,area_weighted_provisional
217,2026,15-44,21993,21828,43821,0.005504362858102118,area_weighted_provisional
218,2026,15-44,19054,18910,37964,0.00476871987383445,area_weighted_provisional
219,2026,15-44,1260,1251,2511,0.0003154592911498096,area_weighted_provisional
251,2026,15-44,20,20,40,5.030637835263106e-06,area_weighted_provisional
252,2026,15-44,7119,7066,14185,0.0017817721696142136,area_weighted_provisional
253,2026,15-44,19199,19054,38253,0.004805048750298166,area_weighted_provisional
254,2026,15-44,21993,21828,43821,0.005504362858102118,area_weighted_provisional
255,2026,15-44,21993,21828,43821,0.005504362858102118,area_weighted_provisional
256,2026,15-44,21993,21828,43821,0.005504362858102118,area_weighted_provisional
257,2026,15-44,21993,21828,43821,0.005504362858102118,area_weighted_provisional
258,2026,15-44,21993,21828,43821,0.005504362858102118,area_weighted_provisional
259,2026,15-44,11384,11298,22682,0.0028490408936309645,area_weighted_provisional
294,2026,15-44,2586,2566,5152,0.0006472196012305467,area_weighted_provisional
295,2026,15-44,14459,14350,28809,0.0036187680109467657,area_weighted_provisional
296,2026,15-44,21912,21747,43659,0.005484148007521991,area_weighted_provisional
297,2026,15-44,21993,21828,43821,0.005504362858102118,area_weighted_provisional
298,2026,15-44,21993,21828,43821,0.005504362858102118,area_weighted_provisional
299,2026,15-44,21993,21828,43821,0.005504362858102118,area_weighted_provisional
300,2026,15-44,16189,16067,32256,0.004051713184843394,area_weighted_provisional
301,2026,15-44,8852,8785,17637,0.0022153498432457594,area_weighted_provisional
302,2026,15-44,8059,7998,16057,0.002016865757500113,area_weighted_provisional
303,2026,15-44,6216,6169,12385,0.0015557258966317098,area_weighted_provisional
304,2026,15-44,2041,2026,4067,0.000510837061523148,area_weighted_provisional
337,2026,15-44,3081,3058,6139,0.0007711488142451473,area_weighted_provisional
338,2026,15-44,18511,18371,36882,0.004632770625474323,area_weighted_provisional
339,2026,15-44,21993,21828,43821,0.005504362858102118,area_weighted_provisional
340,2026,15-44,21993,21828,43821,0.005504362858102118,area_weighted_provisional
341,2026,15-44,21993,21828,43821,0.005504362858102118,area_weighted_provisional
342,2026,15-44,21993,21828,43821,0.005504362858102118,area_weighted_provisional
343,2026,15-44,21993,21828,43821,0.005504362858102118,area_weighted_provisional
344,2026,15-44,21993,21828,43821,0.005504362858102118,area_weighted_provisional
345,2026,15-44,21477,21315,42792,0.005375151582711521,area_weighted_provisional
346,2026,15-44,8445,8381,16826,0.002113491754257016,area_weighted_provisional
347,2026,15-44,531,527,1058,0.00013291063911398672,area_weighted_provisional
348,2026,15-44,8046,7986,16032,0.0020138394336734326,area_weighted_provisional
349,2026,15-44,7471,7415,14886,0.0018699060965608424,area_weighted_provisional
350,2026,15-44,10284,10207,20491,0.0025739390493758375,area_weighted_provisional
351,2026,15-44,7957,7897,15854,0.001991402926245202,area_weighted_provisional
352,2026,15-44,2942,2920,5862,0.0007363260505054276,area_weighted_provisional
353,2026,15-44,7,7,14,1.78467170163296e-06,area_weighted_provisional
360,2026,15-44,6480,6431,12911,0.0016218000853290696,area_weighted_provisional
361,2026,15-44,5215,5175,10390,0.0013051572944808,area_weighted_provisional
379,2026,15-44,13687,13584,27271,0.003425495091580223,area_weighted_provisional
380,2026,15-44,21993,21828,43821,0.005504362858102118,area_weighted_provisional
381,2026,15-44,21993,21828,43821,0.005504362858102118,area_weighted_provisional
382,2026,15-44,21993,21828,43821,0.005504362858102118,area_weighted_provisional
383,2026,15-44,21993,21828,43821,0.005504362858102118,area_weighted_provisional
384,2026,15-44,21993,21828,43821,0.005504362858102118,area_weighted_provisional
385,2026,15-44,21993,21828,43821,0.005504362858102118,area_weighted_provisional
386,2026,15-44,21993,21828,43821,0.005504362858102118,area_weighted_provisional
387,2026,15-44,21972,21807,43779,0.005499201613981656,area_weighted_provisional
388,2026,15-44,21584,21421,43005,0.005401936818714297,area_weighted_provisional
389,2026,15-44,21993,21828,43821,0.005504362858102118,area_weighted_provisional
390,2026,15-44,21993,21828,43821,0.005504362858102118,area_weighted_provisional
391,2026,15-44,21993,21828,43821,0.005504362858102118,area_weighted_provisional
392,2026,15-44,21993,21828,43821,0.005504362858102118,area_weighted_provisional
393,2026,15-44,21993,21828,43821,0.005504362858102118,area_weighted_provisional
394,2026,15-44,16353,16230,32583,0.004092867054480344,area_weighted_provisional
395,2026,15-44,7242,7187,14429,0.0018124650309546732,area_weighted_provisional
396,2026,15-44,1772,1758,3530,0.0004434106069369428,area_weighted_provisional
397,2026,15-44,631,626,1257,0.00015791034600272445,area_weighted_provisional
398,2026,15-44,2524,2505,5029,0.0006316200815688617,area_weighted_provisional
400,2026,15-44,1749,1735,3484,0.00043761263591475167,area_weighted_provisional
401,2026,15-44,21667,21504,43171,0.005422777106114381,area_weighted_provisional
402,2026,15-44,19155,19010,38165,0.004793950019297215,area_weighted_provisional
403,2026,15-44,170,168,338,4.251104922462493e-05,area_weighted_provisional
420,2026,15-44,11406,11320,22726,0.002854707439506283,area_weighted_provisional
421,2026,15-44,21993,21828,43821,0.005504362858102118,area_weighted_provisional
422,2026,15-44,21993,21828,43821,0.005504362858102118,area_weighted_provisional
423,2026,15-44,21993,21828,43821,0.005504362858102118,area_weighted_provisional
424,2026,15-44,21993,21828,43821,0.005504362858102118,area_weighted_provisional
425,2026,15-44,21993,21828,43821,0.005504362858102118,area_weighted_provisional
426,2026,15-44,21993,21828,43821,0.005504362858102118,area_weighted_provisional
427,2026,15-44,21993,21828,43821,0.005504362858102118,area_weighted_provisional
428,2026,15-44,21993,21828,43821,0.005504362858102118,area_weighted_provisional
429,2026,15-44,21993,21828,43821,0.005504362858102118,area_weighted_provisional
430,2026,15-44,21993,21828,43821,0.005504362858102118,area_weighted_provisional
431,2026,15-44,21993,21828,43821,0.005504362858102118,area_weighted_provisional
432,2026,15-44,21993,21828,43821,0.005504362858102118,area_weighted_provisional
433,2026,15-44,21993,21828,43821,0.005504362858102118,area_weighted_provisional
434,2026,15-44,21993,21828,43821,0.005504362858102118,area_weighted_provisional
435,2026,15-44,21993,21828,43821,0.005504362858102118,area_weighted_provisional
436,2026,15-44,21993,21828,43821,0.005504362858102118,area_weighted_provisional
437,2026,15-44,21781,21617,43398,0.0054513347313239775,area_weighted_provisional
438,2026,15-44,20758,20602,41360,0.005195218262947441,area_weighted_provisional
439,2026,15-44,20768,20612,41380,0.005197840339778438,area_weighted_provisional
440,2026,15-44,19258,19113,38371,0.004819901132293337,area_weighted_provisional
441,2026,15-44,21362,21201,42563,0.005346316150884353,area_weighted_provisional
442,2026,15-44,21993,21828,43821,0.005504362858102118,area_weighted_provisional
443,2026,15-44,21978,21813,43791,0.005500679921816726,area_weighted_provisional
444,2026,15-44,11347,11262,22609,0.002839915144345497,area_weighted_provisional
445,2026,15-44,14283,14175,28458,0.003574598269417019,area_weighted_provisional
446,2026,15-44,2012,1996,4008,0.0005034771006790519,area_weighted_provisional
461,2026,15-44,5704,5661,11365,0.0014275715287714185,area_weighted_provisional
462,2026,15-44,18580,18440,37020,0.0046501572371633665,area_weighted_provisional
463,2026,15-44,19933,19783,39716,0.004988901904343847,area_weighted_provisional
464,2026,15-44,20595,20440,41035,0.005154360151015372,area_weighted_provisional
465,2026,15-44,21993,21827,43820,0.005504362858102118,area_weighted_provisional
466,2026,15-44,21993,21827,43820,0.005504362858102118,area_weighted_provisional
467,2026,15-44,21992,21826,43818,0.005504011179892893,area_weighted_provisional
468,2026,15-44,15073,14959,30032,0.0037723869716793468,area_weighted_provisional
469,2026,15-44,9373,9302,18675,0.0023458000788044815,area_weighted_provisional
470,2026,15-44,3691,3663,7354,0.000923867902054614,area_weighted_provisional
471,2026,15-44,14001,13896,27897,0.0035042576346892987,area_weighted_provisional
472,2026,15-44,21694,21530,43224,0.005429407711345488,area_weighted_provisional
473,2026,15-44,21993,21828,43821,0.005504362858102118,area_weighted_provisional
474,2026,15-44,21993,21827,43820,0.005504362858102118,area_weighted_provisional
475,2026,15-44,21993,21827,43820,0.005504362858102118,area_weighted_provisional
476,2026,15-44,21993,21827,43820,0.005504362858102118,area_weighted_provisional
477,2026,15-44,21993,21828,43821,0.005504362858102118,area_weighted_provisional
478,2026,15-44,21993,21827,43820,0.005504362858102118,area_weighted_provisional
479,2026,15-44,21993,21827,43820,0.005504362858102118,area_weighted_provisional
480,2026,15-44,21993,21828,43821,0.005504362858102118,area_weighted_provisional
481,2026,15-44,21993,21828,43821,0.005504362858102118,area_weighted_provisional
482,2026,15-44,21993,21828,43821,0.005504362858102118,area_weighted_provisional
483,2026,15-44,21993,21827,43820,0.005504362858102118,area_weighted_provisional
484,2026,15-44,21993,21828,43821,0.005504362858102118,area_weighted_provisional
485,2026,15-44,21993,21828,43821,0.005504362858102118,area_weighted_provisional
486,2026,15-44,21993,21827,43820,0.005504362858102118,area_weighted_provisional
487,2026,15-44,16636,16511,33147,0.004163615085023834,area_weighted_provisional
488,2026,15-44,1535,1524,3059,0.00038425434643216664,area_weighted_provisional
503,2026,15-44,27,27,54,6.791161812094891e-06,area_weighted_provisional
504,2026,15-44,146,145,291,3.647063058182515e-05,area_weighted_provisional
505,2026,15-44,7481,7424,14905,0.001872240417688254,area_weighted_provisional
506,2026,15-44,17793,17659,35452,0.004453293192367749,area_weighted_provisional
507,2026,15-44,9088,9019,18107,0.0022744011585752095,area_weighted_provisional
508,2026,15-44,7985,7925,15910,0.001998514113125158,area_weighted_provisional
509,2026,15-44,105,104,209,2.6332356787668506e-05,area_weighted_provisional
513,2026,15-44,7402,7346,14748,0.001852534780810793,area_weighted_provisional
514,2026,15-44,19635,19488,39123,0.004914290439343731,area_weighted_provisional
515,2026,15-44,21070,20912,41982,0.005273391836416695,area_weighted_provisional
516,2026,15-44,9977,9902,19879,0.0024970672067845465,area_weighted_provisional
517,2026,15-44,10266,10188,20454,0.0025692773346532426,area_weighted_provisional
518,2026,15-44,17678,17545,35223,0.004424388456693288,area_weighted_provisional
519,2026,15-44,21993,21828,43821,0.005504362858102118,area_weighted_provisional
520,2026,15-44,21993,21828,43821,0.005504362858102118,area_weighted_provisional
521,2026,15-44,21993,21828,43821,0.005504362858102118,area_weighted_provisional
522,2026,15-44,21993,21828,43821,0.005504362858102118,area_weighted_provisional
523,2026,15-44,21993,21828,43821,0.005504362858102118,area_weighted_provisional
524,2026,15-44,21993,21828,43821,0.005504362858102118,area_weighted_provisional
525,2026,15-44,21993,21828,43821,0.005504362858102118,area_weighted_provisional
526,2026,15-44,21993,21828,43821,0.005504362858102118,area_weighted_provisional
527,2026,15-44,21993,21828,43821,0.005504362858102118,area_weighted_provisional
528,2026,15-44,21993,21828,43821,0.005504362858102118,area_weighted_provisional
529,2026,15-44,20482,20328,40810,0.0051262204991202485,area_weighted_provisional
530,2026,15-44,13245,13145,26390,0.003314862556476103,area_weighted_provisional
531,2026,15-44,2175,2159,4334,0.0005443532989445522,area_weighted_provisional
546,2026,15-44,8,8,16,2.1170105978231454e-06,area_weighted_provisional
547,2026,15-44,1276,1266,2542,0.00031929124289908515,area_weighted_provisional
555,2026,15-44,203,201,404,5.07144227603341e-05,area_weighted_provisional
556,2026,15-44,1632,1619,3251,0.0004083370190521384,area_weighted_provisional
559,2026,15-44,3742,3714,7456,0.000936481071646616,area_weighted_provisional
560,2026,15-44,19409,19263,38672,0.0048575835080811305,area_weighted_provisional
561,2026,15-44,21993,21827,43820,0.005504362858102118,area_weighted_provisional
562,2026,15-44,21993,21827,43820,0.005504362858102118,area_weighted_provisional
563,2026,15-44,21993,21827,43820,0.005504362858102118,area_weighted_provisional
564,2026,15-44,21993,21827,43820,0.005504362858102118,area_weighted_provisional
565,2026,15-44,21993,21828,43821,0.005504362858102118,area_weighted_provisional
566,2026,15-44,21993,21827,43820,0.005504362858102118,area_weighted_provisional
567,2026,15-44,21993,21827,43820,0.005504362858102118,area_weighted_provisional
568,2026,15-44,21993,21828,43821,0.005504362858102118,area_weighted_provisional
569,2026,15-44,21993,21827,43820,0.005504362858102118,area_weighted_provisional
570,2026,15-44,21993,21828,43821,0.005504362858102118,area_weighted_provisional
571,2026,15-44,21993,21827,43820,0.005504362858102118,area_weighted_provisional
572,2026,15-44,13434,13333,26767,0.0033622425855191923,area_weighted_provisional
573,2026,15-44,6698,6648,13346,0.0016763963668704625,area_weighted_provisional
601,2026,15-44,980,972,1952,0.00024525054271355045,area_weighted_provisional
602,2026,15-44,13686,13583,27269,0.003425293598627441,area_weighted_provisional
603,2026,15-44,21993,21828,43821,0.005504362858102118,area_weighted_provisional
604,2026,15-44,21993,21828,43821,0.005504362858102118,area_weighted_provisional
605,2026,15-44,21993,21827,43820,0.005504362858102118,area_weighted_provisional
606,2026,15-44,21993,21828,43821,0.005504362858102118,area_weighted_provisional
607,2026,15-44,21993,21828,43821,0.005504362858102118,area_weighted_provisional
608,2026,15-44,21993,21828,43821,0.005504362858102118,area_weighted_provisional
609,2026,15-44,21993,21828,43821,0.005504362858102118,area_weighted_provisional
610,2026,15-44,21993,21828,43821,0.005504362858102118,area_weighted_provisional
611,2026,15-44,21993,21828,43821,0.005504362858102118,area_weighted_provisional
612,2026,15-44,21993,21827,43820,0.005504362858102118,area_weighted_provisional
613,2026,15-44,21993,21827,43820,0.005504362858102118,area_weighted_provisional
614,2026,15-44,11875,11786,23661,0.0029721021594356673,area_weighted_provisional
643,2026,15-44,584,579,1163,0.0001461440527346009,area_weighted_provisional
644,2026,15-44,6656,6606,13262,0.0016658379907405322,area_weighted_provisional
645,2026,15-44,17392,17261,34653,0.004352749966155059,area_weighted_provisional
646,2026,15-44,21993,21827,43820,0.005504362858102118,area_weighted_provisional
647,2026,15-44,21993,21828,43821,0.005504362858102118,area_weighted_provisional
648,2026,15-44,17989,17854,35843,0.004502232022630705,area_weighted_provisional
649,2026,15-44,19587,19439,39026,0.0049021398742487825,area_weighted_provisional
650,2026,15-44,21993,21828,43821,0.005504362858102118,area_weighted_provisional
651,2026,15-44,21993,21828,43821,0.005504362858102118,area_weighted_provisional
652,2026,15-44,21993,21828,43821,0.005504362858102118,area_weighted_provisional
653,2026,15-44,21942,21777,43719,0.0054916111057319505,area_weighted_provisional
654,2026,15-44,21993,21828,43821,0.005504362858102118,area_weighted_provisional
655,2026,15-44,6970,6917,13887,0.0017443205230780916,area_weighted_provisional
686,2026,15-44,4243,4211,8454,0.0010619405567418607,area_weighted_provisional
687,2026,15-44,12495,12401,24896,0.003127285507103767,area_weighted_provisional
688,2026,15-44,19611,19463,39074,0.004908149450899529,area_weighted_provisional
689,2026,15-44,3831,3802,7633,0.0009588093310067073,area_weighted_provisional
690,2026,15-44,6649,6599,13248,0.0016641250463270314,area_weighted_provisional
691,2026,15-44,4574,4539,9113,0.0011447135277271316,area_weighted_provisional
692,2026,15-44,7204,7150,14354,0.001803077931724942,area_weighted_provisional
693,2026,15-44,6539,6489,13028,0.0016364373293684866,area_weighted_provisional
694,2026,15-44,859,852,1711,0.0002149340419818776,area_weighted_provisional
695,2026,15-44,8632,8567,17199,0.002160514850005472,area_weighted_provisional
696,2026,15-44,2078,2063,4141,0.0005201941144574007,area_weighted_provisional
729,2026,15-44,113,112,225,2.833407408526698e-05,area_weighted_provisional
730,2026,15-44,406,403,809,0.00010169095337973231,area_weighted_provisional
0,2026,45-64,6790,8025,14815,0.004111111935662014,area_weighted_provisional
1,2026,45-64,3687,4358,8045,0.002232732950754266,area_weighted_provisional
2,2026,45-64,70,83,153,4.241941865939031e-05,area_weighted_provisional
41,2026,45-64,5486,6484,11970,0.0033216927073333553,area_weighted_provisional
42,2026,45-64,9090,10744,19834,0.005504362858102118,area_weighted_provisional
43,2026,45-64,6618,7822,14440,0.004006961218415471,area_weighted_provisional
44,2026,45-64,911,1077,1988,0.0005515840395041757,area_weighted_provisional
82,2026,45-64,636,751,1387,0.0003848040635349,area_weighted_provisional
83,2026,45-64,3973,4695,8668,0.002405398567899838,area_weighted_provisional
84,2026,45-64,8887,10504,19391,0.005381333476728624,area_weighted_provisional
85,2026,45-64,8876,10491,19367,0.0053747135168399005,area_weighted_provisional
86,2026,45-64,6816,8057,14873,0.004127307141022788,area_weighted_provisional
87,2026,45-64,2287,2703,4990,0.001384623463900123,area_weighted_provisional
91,2026,45-64,520,615,1135,0.0003148698122345305,area_weighted_provisional
125,2026,45-64,3656,4321,7977,0.002213422651104565,area_weighted_provisional
126,2026,45-64,9038,10682,19720,0.005472321831802506,area_weighted_provisional
127,2026,45-64,9090,10744,19834,0.005504362858102118,area_weighted_provisional
128,2026,45-64,9090,10743,19833,0.005503826868190568,area_weighted_provisional
129,2026,45-64,7108,8402,15510,0.0043041670150810365,area_weighted_provisional
130,2026,45-64,5030,5945,10975,0.003045790110037765,area_weighted_provisional
131,2026,45-64,5042,5959,11001,0.003052926390237525,area_weighted_provisional
132,2026,45-64,8508,10056,18564,0.005151562368275188,area_weighted_provisional
133,2026,45-64,7335,8669,16004,0.004441182420478566,area_weighted_provisional
134,2026,45-64,6756,7985,14741,0.004090783114869541,area_weighted_provisional
135,2026,45-64,2827,3341,6168,0.001711608908847373,area_weighted_provisional
136,2026,45-64,609,720,1329,0.000368818662799663,area_weighted_provisional
166,2026,45-64,6,7,13,3.4639218255227433e-06,area_weighted_provisional
167,2026,45-64,6239,7375,13614,0.0037779729528336745,area_weighted_provisional
168,2026,45-64,9090,10744,19834,0.005504362858102118,area_weighted_provisional
169,2026,45-64,9006,10644,19650,0.005453058322428236,area_weighted_provisional
170,2026,45-64,9090,10744,19834,0.005504362858102118,area_weighted_provisional
171,2026,45-64,9090,10744,19834,0.005504362858102118,area_weighted_provisional
172,2026,45-64,9090,10744,19834,0.005504362858102118,area_weighted_provisional
173,2026,45-64,9090,10744,19834,0.005504362858102118,area_weighted_provisional
174,2026,45-64,9091,10744,19835,0.005504362858102118,area_weighted_provisional
175,2026,45-64,9091,10744,19835,0.005504362858102118,area_weighted_provisional
176,2026,45-64,9091,10744,19835,0.005504362858102118,area_weighted_provisional
177,2026,45-64,8659,10235,18894,0.0052432719084450335,area_weighted_provisional
178,2026,45-64,3330,3936,7266,0.002016523644884431,area_weighted_provisional
208,2026,45-64,4806,5681,10487,0.0029102057493388973,area_weighted_provisional
209,2026,45-64,2230,2636,4866,0.0013503419896838099,area_weighted_provisional
210,2026,45-64,2835,3351,6186,0.0017166861317322799,area_weighted_provisional
211,2026,45-64,9091,10744,19835,0.005504362858102118,area_weighted_provisional
212,2026,45-64,9091,10744,19835,0.005504362858102118,area_weighted_provisional
213,2026,45-64,9090,10744,19834,0.005504362858102118,area_weighted_provisional
214,2026,45-64,9091,10744,19835,0.005504362858102118,area_weighted_provisional
215,2026,45-64,9090,10744,19834,0.005504362858102118,area_weighted_provisional
216,2026,45-64,9090,10744,19834,0.005504362858102118,area_weighted_provisional
217,2026,45-64,9091,10744,19835,0.005504362858102118,area_weighted_provisional
218,2026,45-64,7876,9309,17185,0.00476871987383445,area_weighted_provisional
219,2026,45-64,521,616,1137,0.0003154592911498096,area_weighted_provisional
251,2026,45-64,8,10,18,5.030637835263106e-06,area_weighted_provisional
252,2026,45-64,2943,3478,6421,0.0017817721696142136,area_weighted_provisional
253,2026,45-64,7936,9379,17315,0.004805048750298166,area_weighted_provisional
254,2026,45-64,9090,10744,19834,0.005504362858102118,area_weighted_provisional
255,2026,45-64,9090,10744,19834,0.005504362858102118,area_weighted_provisional
256,2026,45-64,9090,10744,19834,0.005504362858102118,area_weighted_provisional
257,2026,45-64,9090,10744,19834,0.005504362858102118,area_weighted_provisional
258,2026,45-64,9090,10744,19834,0.005504362858102118,area_weighted_provisional
259,2026,45-64,4705,5561,10266,0.0028490408936309645,area_weighted_provisional
294,2026,45-64,1069,1264,2333,0.0006472196012305467,area_weighted_provisional
295,2026,45-64,5976,7064,13040,0.0036187680109467657,area_weighted_provisional
296,2026,45-64,9057,10705,19762,0.005484148007521991,area_weighted_provisional
297,2026,45-64,9090,10744,19834,0.005504362858102118,area_weighted_provisional
298,2026,45-64,9090,10744,19834,0.005504362858102118,area_weighted_provisional
299,2026,45-64,9090,10744,19834,0.005504362858102118,area_weighted_provisional
300,2026,45-64,6691,7909,14600,0.004051713184843394,area_weighted_provisional
301,2026,45-64,3659,4325,7984,0.0022153498432457594,area_weighted_provisional
302,2026,45-64,3331,3937,7268,0.002016865757500113,area_weighted_provisional
303,2026,45-64,2569,3037,5606,0.0015557258966317098,area_weighted_provisional
304,2026,45-64,844,997,1841,0.000510837061523148,area_weighted_provisional
337,2026,45-64,1274,1505,2779,0.0007711488142451473,area_weighted_provisional
338,2026,45-64,7651,9043,16694,0.004632770625474323,area_weighted_provisional
339,2026,45-64,9090,10744,19834,0.005504362858102118,area_weighted_provisional
340,2026,45-64,9091,10744,19835,0.005504362858102118,area_weighted_provisional
341,2026,45-64,9090,10744,19834,0.005504362858102118,area_weighted_provisional
342,2026,45-64,9090,10744,19834,0.005504362858102118,area_weighted_provisional
343,2026,45-64,9090,10744,19834,0.005504362858102118,area_weighted_provisional
344,2026,45-64,9091,10744,19835,0.005504362858102118,area_weighted_provisional
345,2026,45-64,8877,10492,19369,0.005375151582711521,area_weighted_provisional
346,2026,45-64,3491,4126,7617,0.002113491754257016,area_weighted_provisional
347,2026,45-64,220,260,480,0.00013291063911398672,area_weighted_provisional
348,2026,45-64,3326,3931,7257,0.0020138394336734326,area_weighted_provisional
349,2026,45-64,3088,3650,6738,0.0018699060965608424,area_weighted_provisional
350,2026,45-64,4251,5024,9275,0.0025739390493758375,area_weighted_provisional
351,2026,45-64,3289,3887,7176,0.001991402926245202,area_weighted_provisional
352,2026,45-64,1216,1438,2654,0.0007363260505054276,area_weighted_provisional
353,2026,45-64,3,4,7,1.78467170163296e-06,area_weighted_provisional
360,2026,45-64,2678,3166,5844,0.0016218000853290696,area_weighted_provisional
361,2026,45-64,2156,2548,4704,0.0013051572944808,area_weighted_provisional
379,2026,45-64,5657,6687,12344,0.003425495091580223,area_weighted_provisional
380,2026,45-64,9090,10744,19834,0.005504362858102118,area_weighted_provisional
381,2026,45-64,9090,10744,19834,0.005504362858102118,area_weighted_provisional
382,2026,45-64,9090,10744,19834,0.005504362858102118,area_weighted_provisional
383,2026,45-64,9091,10744,19835,0.005504362858102118,area_weighted_provisional
384,2026,45-64,9091,10744,19835,0.005504362858102118,area_weighted_provisional
385,2026,45-64,9091,10744,19835,0.005504362858102118,area_weighted_provisional
386,2026,45-64,9091,10744,19835,0.005504362858102118,area_weighted_provisional
387,2026,45-64,9082,10734,19816,0.005499201613981656,area_weighted_provisional
388,2026,45-64,8921,10545,19466,0.005401936818714297,area_weighted_provisional
389,2026,45-64,9091,10744,19835,0.005504362858102118,area_weighted_provisional
390,2026,45-64,9091,10744,19835,0.005504362858102118,area_weighted_provisional
391,2026,45-64,9090,10744,19834,0.005504362858102118,area_weighted_provisional
392,2026,45-64,9091,10744,19835,0.005504362858102118,area_weighted_provisional
393,2026,45-64,9091,10744,19835,0.005504362858102118,area_weighted_provisional
394,2026,45-64,6759,7989,14748,0.004092867054480344,area_weighted_provisional
395,2026,45-64,2993,3538,6531,0.0018124650309546732,area_weighted_provisional
396,2026,45-64,732,866,1598,0.0004434106069369428,area_weighted_provisional
397,2026,45-64,261,308,569,0.00015791034600272445,area_weighted_provisional
398,2026,45-64,1043,1233,2276,0.0006316200815688617,area_weighted_provisional
400,2026,45-64,723,854,1577,0.00043761263591475167,area_weighted_provisional
401,2026,45-64,8956,10585,19541,0.005422777106114381,area_weighted_provisional
402,2026,45-64,7917,9358,17275,0.004793950019297215,area_weighted_provisional
403,2026,45-64,70,83,153,4.251104922462493e-05,area_weighted_provisional
420,2026,45-64,4715,5572,10287,0.002854707439506283,area_weighted_provisional
421,2026,45-64,9091,10744,19835,0.005504362858102118,area_weighted_provisional
422,2026,45-64,9091,10744,19835,0.005504362858102118,area_weighted_provisional
423,2026,45-64,9091,10744,19835,0.005504362858102118,area_weighted_provisional
424,2026,45-64,9091,10744,19835,0.005504362858102118,area_weighted_provisional
425,2026,45-64,9091,10744,19835,0.005504362858102118,area_weighted_provisional
426,2026,45-64,9091,10744,19835,0.005504362858102118,area_weighted_provisional
427,2026,45-64,9090,10744,19834,0.005504362858102118,area_weighted_provisional
428,2026,45-64,9091,10744,19835,0.005504362858102118,area_weighted_provisional
429,2026,45-64,9091,10744,19835,0.005504362858102118,area_weighted_provisional
430,2026,45-64,9091,10744,19835,0.005504362858102118,area_weighted_provisional
431,2026,45-64,9091,10744,19835,0.005504362858102118,area_weighted_provisional
432,2026,45-64,9091,10744,19835,0.005504362858102118,area_weighted_provisional
433,2026,45-64,9091,10744,19835,0.005504362858102118,area_weighted_provisional
434,2026,45-64,9090,10744,19834,0.005504362858102118,area_weighted_provisional
435,2026,45-64,9090,10744,19834,0.005504362858102118,area_weighted_provisional
436,2026,45-64,9090,10744,19834,0.005504362858102118,area_weighted_provisional
437,2026,45-64,9003,10641,19644,0.0054513347313239775,area_weighted_provisional
438,2026,45-64,8580,10141,18721,0.005195218262947441,area_weighted_provisional
439,2026,45-64,8584,10146,18730,0.005197840339778438,area_weighted_provisional
440,2026,45-64,7960,9408,17368,0.004819901132293337,area_weighted_provisional
441,2026,45-64,8829,10436,19265,0.005346316150884353,area_weighted_provisional
442,2026,45-64,9090,10744,19834,0.005504362858102118,area_weighted_provisional
443,2026,45-64,9084,10737,19821,0.005500679921816726,area_weighted_provisional
444,2026,45-64,4690,5544,10234,0.002839915144345497,area_weighted_provisional
445,2026,45-64,5904,6978,12882,0.003574598269417019,area_weighted_provisional
446,2026,45-64,832,983,1815,0.0005034771006790519,area_weighted_provisional
461,2026,45-64,2358,2787,5145,0.0014275715287714185,area_weighted_provisional
462,2026,45-64,7680,9077,16757,0.0046501572371633665,area_weighted_provisional
463,2026,45-64,8239,9738,17977,0.004988901904343847,area_weighted_provisional
464,2026,45-64,8512,10061,18573,0.005154360151015372,area_weighted_provisional
465,2026,45-64,9090,10744,19834,0.005504362858102118,area_weighted_provisional
466,2026,45-64,9090,10744,19834,0.005504362858102118,area_weighted_provisional
467,2026,45-64,9090,10744,19834,0.005504011179892893,area_weighted_provisional
468,2026,45-64,6230,7364,13594,0.0037723869716793468,area_weighted_provisional
469,2026,45-64,3874,4579,8453,0.0023458000788044815,area_weighted_provisional
470,2026,45-64,1526,1804,3330,0.000923867902054614,area_weighted_provisional
471,2026,45-64,5787,6840,12627,0.0035042576346892987,area_weighted_provisional
472,2026,45-64,8967,10598,19565,0.005429407711345488,area_weighted_provisional
473,2026,45-64,9090,10744,19834,0.005504362858102118,area_weighted_provisional
474,2026,45-64,9090,10744,19834,0.005504362858102118,area_weighted_provisional
475,2026,45-64,9090,10744,19834,0.005504362858102118,area_weighted_provisional
476,2026,45-64,9090,10744,19834,0.005504362858102118,area_weighted_provisional
477,2026,45-64,9090,10744,19834,0.005504362858102118,area_weighted_provisional
478,2026,45-64,9090,10744,19834,0.005504362858102118,area_weighted_provisional
479,2026,45-64,9090,10744,19834,0.005504362858102118,area_weighted_provisional
480,2026,45-64,9090,10744,19834,0.005504362858102118,area_weighted_provisional
481,2026,45-64,9090,10744,19834,0.005504362858102118,area_weighted_provisional
482,2026,45-64,9090,10744,19834,0.005504362858102118,area_weighted_provisional
483,2026,45-64,9090,10744,19834,0.005504362858102118,area_weighted_provisional
484,2026,45-64,9090,10744,19834,0.005504362858102118,area_weighted_provisional
485,2026,45-64,9090,10744,19834,0.005504362858102118,area_weighted_provisional
486,2026,45-64,9090,10744,19834,0.005504362858102118,area_weighted_provisional
487,2026,45-64,6876,8127,15003,0.004163615085023834,area_weighted_provisional
488,2026,45-64,635,750,1385,0.00038425434643216664,area_weighted_provisional
503,2026,45-64,11,14,25,6.791161812094891e-06,area_weighted_provisional
504,2026,45-64,60,71,131,3.647063058182515e-05,area_weighted_provisional
505,2026,45-64,3092,3655,6747,0.001872240417688254,area_weighted_provisional
506,2026,45-64,7355,8693,16048,0.004453293192367749,area_weighted_provisional
507,2026,45-64,3756,4440,8196,0.0022744011585752095,area_weighted_provisional
508,2026,45-64,3301,3901,7202,0.001998514113125158,area_weighted_provisional
509,2026,45-64,44,52,96,2.6332356787668506e-05,area_weighted_provisional
513,2026,45-64,3060,3616,6676,0.001852534780810793,area_weighted_provisional
514,2026,45-64,8116,9593,17709,0.004914290439343731,area_weighted_provisional
515,2026,45-64,8709,10294,19003,0.005273391836416695,area_weighted_provisional
516,2026,45-64,4124,4874,8998,0.0024970672067845465,area_weighted_provisional
517,2026,45-64,4243,5015,9258,0.0025692773346532426,area_weighted_provisional
518,2026,45-64,7307,8636,15943,0.004424388456693288,area_weighted_provisional
519,2026,45-64,9090,10744,19834,0.005504362858102118,area_weighted_provisional
520,2026,45-64,9090,10744,19834,0.005504362858102118,area_weighted_provisional
521,2026,45-64,9090,10744,19834,0.005504362858102118,area_weighted_provisional
522,2026,45-64,9090,10744,19834,0.005504362858102118,area_weighted_provisional
523,2026,45-64,9090,10744,19834,0.005504362858102118,area_weighted_provisional
524,2026,45-64,9090,10744,19834,0.005504362858102118,area_weighted_provisional
525,2026,45-64,9090,10744,19834,0.005504362858102118,area_weighted_provisional
526,2026,45-64,9090,10744,19834,0.005504362858102118,area_weighted_provisional
527,2026,45-64,9090,10744,19834,0.005504362858102118,area_weighted_provisional
528,2026,45-64,9090,10744,19834,0.005504362858102118,area_weighted_provisional
529,2026,45-64,8466,10006,18472,0.0051262204991202485,area_weighted_provisional
530,2026,45-64,5475,6471,11946,0.003314862556476103,area_weighted_provisional
531,2026,45-64,899,1063,1962,0.0005443532989445522,area_weighted_provisional
546,2026,45-64,4,4,8,2.1170105978231454e-06,area_weighted_provisional
547,2026,45-64,527,623,1150,0.00031929124289908515,area_weighted_provisional
555,2026,45-64,84,99,183,5.07144227603341e-05,area_weighted_provisional
556,2026,45-64,674,797,1471,0.0004083370190521384,area_weighted_provisional
559,2026,45-64,1547,1828,3375,0.000936481071646616,area_weighted_provisional
560,2026,45-64,8022,9482,17504,0.0048575835080811305,area_weighted_provisional
561,2026,45-64,9090,10744,19834,0.005504362858102118,area_weighted_provisional
562,2026,45-64,9090,10744,19834,0.005504362858102118,area_weighted_provisional
563,2026,45-64,9090,10744,19834,0.005504362858102118,area_weighted_provisional
564,2026,45-64,9090,10744,19834,0.005504362858102118,area_weighted_provisional
565,2026,45-64,9090,10744,19834,0.005504362858102118,area_weighted_provisional
566,2026,45-64,9090,10744,19834,0.005504362858102118,area_weighted_provisional
567,2026,45-64,9090,10744,19834,0.005504362858102118,area_weighted_provisional
568,2026,45-64,9090,10744,19834,0.005504362858102118,area_weighted_provisional
569,2026,45-64,9090,10744,19834,0.005504362858102118,area_weighted_provisional
570,2026,45-64,9090,10744,19834,0.005504362858102118,area_weighted_provisional
571,2026,45-64,9090,10744,19834,0.005504362858102118,area_weighted_provisional
572,2026,45-64,5553,6563,12116,0.0033622425855191923,area_weighted_provisional
573,2026,45-64,2769,3272,6041,0.0016763963668704625,area_weighted_provisional
601,2026,45-64,405,479,884,0.00024525054271355045,area_weighted_provisional
602,2026,45-64,5657,6686,12343,0.003425293598627441,area_weighted_provisional
603,2026,45-64,9090,10744,19834,0.005504362858102118,area_weighted_provisional
604,2026,45-64,9090,10744,19834,0.005504362858102118,area_weighted_provisional
605,2026,45-64,9090,10744,19834,0.005504362858102118,area_weighted_provisional
606,2026,45-64,9090,10744,19834,0.005504362858102118,area_weighted_provisional
607,2026,45-64,9090,10744,19834,0.005504362858102118,area_weighted_provisional
608,2026,45-64,9090,10744,19834,0.005504362858102118,area_weighted_provisional
609,2026,45-64,9090,10744,19834,0.005504362858102118,area_weighted_provisional
610,2026,45-64,9090,10744,19834,0.005504362858102118,area_weighted_provisional
611,2026,45-64,9090,10744,19834,0.005504362858102118,area_weighted_provisional
612,2026,45-64,9090,10744,19834,0.005504362858102118,area_weighted_provisional
613,2026,45-64,9090,10744,19834,0.005504362858102118,area_weighted_provisional
614,2026,45-64,4909,5802,10711,0.0029721021594356673,area_weighted_provisional
643,2026,45-64,241,286,527,0.0001461440527346009,area_weighted_provisional
644,2026,45-64,2751,3252,6003,0.0016658379907405322,area_weighted_provisional
645,2026,45-64,7189,8497,15686,0.004352749966155059,area_weighted_provisional
646,2026,45-64,9090,10744,19834,0.005504362858102118,area_weighted_provisional
647,2026,45-64,9090,10744,19834,0.005504362858102118,area_weighted_provisional
648,2026,45-64,7435,8788,16223,0.004502232022630705,area_weighted_provisional
649,2026,45-64,8096,9569,17665,0.0049021398742487825,area_weighted_provisional
650,2026,45-64,9090,10744,19834,0.005504362858102118,area_weighted_provisional
651,2026,45-64,9090,10744,19834,0.005504362858102118,area_weighted_provisional
652,2026,45-64,9090,10744,19834,0.005504362858102118,area_weighted_provisional
653,2026,45-64,9069,10720,19789,0.0054916111057319505,area_weighted_provisional
654,2026,45-64,9090,10744,19834,0.005504362858102118,area_weighted_provisional
655,2026,45-64,2881,3405,6286,0.0017443205230780916,area_weighted_provisional
686,2026,45-64,1754,2073,3827,0.0010619405567418607,area_weighted_provisional
687,2026,45-64,5165,6105,11270,0.003127285507103767,area_weighted_provisional
688,2026,45-64,8106,9581,17687,0.004908149450899529,area_weighted_provisional
689,2026,45-64,1584,1872,3456,0.0009588093310067073,area_weighted_provisional
690,2026,45-64,2748,3249,5997,0.0016641250463270314,area_weighted_provisional
691,2026,45-64,1891,2235,4126,0.0011447135277271316,area_weighted_provisional
692,2026,45-64,2978,3520,6498,0.001803077931724942,area_weighted_provisional
693,2026,45-64,2703,3194,5897,0.0016364373293684866,area_weighted_provisional
694,2026,45-64,355,420,775,0.0002149340419818776,area_weighted_provisional
695,2026,45-64,3568,4217,7785,0.002160514850005472,area_weighted_provisional
696,2026,45-64,859,1016,1875,0.0005201941144574007,area_weighted_provisional
729,2026,45-64,47,56,103,2.833407408526698e-05,area_weighted_provisional
730,2026,45-64,168,199,367,0.00010169095337973231,area_weighted_provisional
0,2026,5-14,4079,3874,7953,0.004111111935662014,area_weighted_provisional
1,2026,5-14,2215,2104,4319,0.002232732950754266,area_weighted_provisional
2,2026,5-14,42,40,82,4.241941865939031e-05,area_weighted_provisional
41,2026,5-14,3296,3130,6426,0.0033216927073333553,area_weighted_provisional
42,2026,5-14,5461,5186,10647,0.005504362858102118,area_weighted_provisional
43,2026,5-14,3976,3776,7752,0.004006961218415471,area_weighted_provisional
44,2026,5-14,547,520,1067,0.0005515840395041757,area_weighted_provisional
82,2026,5-14,382,363,745,0.0003848040635349,area_weighted_provisional
83,2026,5-14,2387,2267,4654,0.002405398567899838,area_weighted_provisional
84,2026,5-14,5339,5071,10410,0.005381333476728624,area_weighted_provisional
85,2026,5-14,5333,5064,10397,0.0053747135168399005,area_weighted_provisional
86,2026,5-14,4095,3889,7984,0.004127307141022788,area_weighted_provisional
87,2026,5-14,1374,1305,2679,0.001384623463900123,area_weighted_provisional
91,2026,5-14,313,297,610,0.0003148698122345305,area_weighted_provisional
125,2026,5-14,2196,2086,4282,0.002213422651104565,area_weighted_provisional
126,2026,5-14,5430,5156,10586,0.005472321831802506,area_weighted_provisional
127,2026,5-14,5461,5186,10647,0.005504362858102118,area_weighted_provisional
128,2026,5-14,5461,5186,10647,0.005503826868190568,area_weighted_provisional
129,2026,5-14,4271,4056,8327,0.0043041670150810365,area_weighted_provisional
130,2026,5-14,3022,2870,5892,0.003045790110037765,area_weighted_provisional
131,2026,5-14,3029,2877,5906,0.003052926390237525,area_weighted_provisional
132,2026,5-14,5111,4854,9965,0.005151562368275188,area_weighted_provisional
133,2026,5-14,4407,4185,8592,0.004441182420478566,area_weighted_provisional
134,2026,5-14,4059,3855,7914,0.004090783114869541,area_weighted_provisional
135,2026,5-14,1698,1613,3311,0.001711608908847373,area_weighted_provisional
136,2026,5-14,366,348,714,0.000368818662799663,area_weighted_provisional
166,2026,5-14,4,3,7,3.4639218255227433e-06,area_weighted_provisional
167,2026,5-14,3749,3560,7309,0.0037779729528336745,area_weighted_provisional
168,2026,5-14,5461,5187,10648,0.005504362858102118,area_weighted_provisional
169,2026,5-14,5411,5138,10549,0.005453058322428236,area_weighted_provisional
170,2026,5-14,5461,5187,10648,0.005504362858102118,area_weighted_provisional
171,2026,5-14,5461,5187,10648,0.005504362858102118,area_weighted_provisional
172,2026,5-14,5461,5187,10648,0.005504362858102118,area_weighted_provisional
173,2026,5-14,5462,5187,10649,0.005504362858102118,area_weighted_provisional
174,2026,5-14,5461,5187,10648,0.005504362858102118,area_weighted_provisional
175,2026,5-14,5461,5187,10648,0.005504362858102118,area_weighted_provisional
176,2026,5-14,5461,5187,10648,0.005504362858102118,area_weighted_provisional
177,2026,5-14,5202,4940,10142,0.0052432719084450335,area_weighted_provisional
178,2026,5-14,2001,1900,3901,0.002016523644884431,area_weighted_provisional
208,2026,5-14,2888,2742,5630,0.0029102057493388973,area_weighted_provisional
209,2026,5-14,1340,1272,2612,0.0013503419896838099,area_weighted_provisional
210,2026,5-14,1703,1618,3321,0.0017166861317322799,area_weighted_provisional
211,2026,5-14,5461,5187,10648,0.005504362858102118,area_weighted_provisional
212,2026,5-14,5461,5187,10648,0.005504362858102118,area_weighted_provisional
213,2026,5-14,5461,5187,10648,0.005504362858102118,area_weighted_provisional
214,2026,5-14,5461,5187,10648,0.005504362858102118,area_weighted_provisional
215,2026,5-14,5461,5187,10648,0.005504362858102118,area_weighted_provisional
216,2026,5-14,5461,5187,10648,0.005504362858102118,area_weighted_provisional
217,2026,5-14,5461,5187,10648,0.005504362858102118,area_weighted_provisional
218,2026,5-14,4732,4493,9225,0.00476871987383445,area_weighted_provisional
219,2026,5-14,313,297,610,0.0003154592911498096,area_weighted_provisional
251,2026,5-14,5,5,10,5.030637835263106e-06,area_weighted_provisional
252,2026,5-14,1768,1679,3447,0.0017817721696142136,area_weighted_provisional
253,2026,5-14,4768,4528,9296,0.004805048750298166,area_weighted_provisional
254,2026,5-14,5461,5187,10648,0.005504362858102118,area_weighted_provisional
255,2026,5-14,5461,5187,10648,0.005504362858102118,area_weighted_provisional
256,2026,5-14,5461,5187,10648,0.005504362858102118,area_weighted_provisional
257,2026,5-14,5462,5187,10649,0.005504362858102118,area_weighted_provisional
258,2026,5-14,5461,5187,10648,0.005504362858102118,area_weighted_provisional
259,2026,5-14,2827,2685,5512,0.0028490408936309645,area_weighted_provisional
294,2026,5-14,642,610,1252,0.0006472196012305467,area_weighted_provisional
295,2026,5-14,3591,3410,7001,0.0036187680109467657,area_weighted_provisional
296,2026,5-14,5441,5167,10608,0.005484148007521991,area_weighted_provisional
297,2026,5-14,5461,5187,10648,0.005504362858102118,area_weighted_provisional
298,2026,5-14,5461,5186,10647,0.005504362858102118,area_weighted_provisional
299,2026,5-14,5461,5186,10647,0.005504362858102118,area_weighted_provisional
300,2026,5-14,4020,3818,7838,0.004051713184843394,area_weighted_provisional
301,2026,5-14,2198,2087,4285,0.0022153498432457594,area_weighted_provisional
302,2026,5-14,2001,1900,3901,0.002016865757500113,area_weighted_provisional
303,2026,5-14,1544,1466,3010,0.0015557258966317098,area_weighted_provisional
304,2026,5-14,507,481,988,0.000510837061523148,area_weighted_provisional
337,2026,5-14,765,727,1492,0.0007711488142451473,area_weighted_provisional
338,2026,5-14,4597,4365,8962,0.004632770625474323,area_weighted_provisional
339,2026,5-14,5461,5186,10647,0.005504362858102118,area_weighted_provisional
340,2026,5-14,5461,5187,10648,0.005504362858102118,area_weighted_provisional
341,2026,5-14,5461,5186,10647,0.005504362858102118,area_weighted_provisional
342,2026,5-14,5461,5186,10647,0.005504362858102118,area_weighted_provisional
343,2026,5-14,5461,5186,10647,0.005504362858102118,area_weighted_provisional
344,2026,5-14,5461,5187,10648,0.005504362858102118,area_weighted_provisional
345,2026,5-14,5333,5065,10398,0.005375151582711521,area_weighted_provisional
346,2026,5-14,2097,1991,4088,0.002113491754257016,area_weighted_provisional
347,2026,5-14,132,125,257,0.00013291063911398672,area_weighted_provisional
348,2026,5-14,1998,1898,3896,0.0020138394336734326,area_weighted_provisional
349,2026,5-14,1855,1762,3617,0.0018699060965608424,area_weighted_provisional
350,2026,5-14,2554,2425,4979,0.0025739390493758375,area_weighted_provisional
351,2026,5-14,1976,1876,3852,0.001991402926245202,area_weighted_provisional
352,2026,5-14,731,694,1425,0.0007363260505054276,area_weighted_provisional
353,2026,5-14,2,2,4,1.78467170163296e-06,area_weighted_provisional
360,2026,5-14,1609,1528,3137,0.0016218000853290696,area_weighted_provisional
361,2026,5-14,1295,1230,2525,0.0013051572944808,area_weighted_provisional
379,2026,5-14,3399,3228,6627,0.003425495091580223,area_weighted_provisional
380,2026,5-14,5461,5187,10648,0.005504362858102118,area_weighted_provisional
381,2026,5-14,5461,5187,10648,0.005504362858102118,area_weighted_provisional
382,2026,5-14,5461,5186,10647,0.005504362858102118,area_weighted_provisional
383,2026,5-14,5461,5186,10647,0.005504362858102118,area_weighted_provisional
384,2026,5-14,5461,5187,10648,0.005504362858102118,area_weighted_provisional
385,2026,5-14,5461,5186,10647,0.005504362858102118,area_weighted_provisional
386,2026,5-14,5461,5186,10647,0.005504362858102118,area_weighted_provisional
387,2026,5-14,5456,5182,10638,0.005499201613981656,area_weighted_provisional
388,2026,5-14,5360,5090,10450,0.005401936818714297,area_weighted_provisional
389,2026,5-14,5461,5187,10648,0.005504362858102118,area_weighted_provisional
390,2026,5-14,5461,5187,10648,0.005504362858102118,area_weighted_provisional
391,2026,5-14,5461,5187,10648,0.005504362858102118,area_weighted_provisional
392,2026,5-14,5461,5187,10648,0.005504362858102118,area_weighted_provisional
393,2026,5-14,5461,5186,10647,0.005504362858102118,area_weighted_provisional
394,2026,5-14,4061,3857,7918,0.004092867054480344,area_weighted_provisional
395,2026,5-14,1798,1708,3506,0.0018124650309546732,area_weighted_provisional
396,2026,5-14,440,418,858,0.0004434106069369428,area_weighted_provisional
397,2026,5-14,157,149,306,0.00015791034600272445,area_weighted_provisional
398,2026,5-14,627,595,1222,0.0006316200815688617,area_weighted_provisional
400,2026,5-14,434,412,846,0.00043761263591475167,area_weighted_provisional
401,2026,5-14,5381,5110,10491,0.005422777106114381,area_weighted_provisional
402,2026,5-14,4757,4517,9274,0.004793950019297215,area_weighted_provisional
403,2026,5-14,42,40,82,4.251104922462493e-05,area_weighted_provisional
420,2026,5-14,2833,2690,5523,0.002854707439506283,area_weighted_provisional
421,2026,5-14,5461,5186,10647,0.005504362858102118,area_weighted_provisional
422,2026,5-14,5462,5187,10649,0.005504362858102118,area_weighted_provisional
423,2026,5-14,5462,5187,10649,0.005504362858102118,area_weighted_provisional
424,2026,5-14,5462,5187,10649,0.005504362858102118,area_weighted_provisional
425,2026,5-14,5461,5187,10648,0.005504362858102118,area_weighted_provisional
426,2026,5-14,5461,5187,10648,0.005504362858102118,area_weighted_provisional
427,2026,5-14,5462,5187,10649,0.005504362858102118,area_weighted_provisional
428,2026,5-14,5462,5186,10648,0.005504362858102118,area_weighted_provisional
429,2026,5-14,5461,5186,10647,0.005504362858102118,area_weighted_provisional
430,2026,5-14,5462,5187,10649,0.005504362858102118,area_weighted_provisional
431,2026,5-14,5461,5187,10648,0.005504362858102118,area_weighted_provisional
432,2026,5-14,5461,5187,10648,0.005504362858102118,area_weighted_provisional
433,2026,5-14,5461,5186,10647,0.005504362858102118,area_weighted_provisional
434,2026,5-14,5461,5186,10647,0.005504362858102118,area_weighted_provisional
435,2026,5-14,5461,5186,10647,0.005504362858102118,area_weighted_provisional
436,2026,5-14,5461,5186,10647,0.005504362858102118,area_weighted_provisional
437,2026,5-14,5409,5137,10546,0.0054513347313239775,area_weighted_provisional
438,2026,5-14,5155,4895,10050,0.005195218262947441,area_weighted_provisional
439,2026,5-14,5157,4898,10055,0.005197840339778438,area_weighted_provisional
440,2026,5-14,4782,4542,9324,0.004819901132293337,area_weighted_provisional
441,2026,5-14,5305,5038,10343,0.005346316150884353,area_weighted_provisional
442,2026,5-14,5461,5186,10647,0.005504362858102118,area_weighted_provisional
443,2026,5-14,5458,5183,10641,0.005500679921816726,area_weighted_provisional
444,2026,5-14,2818,2676,5494,0.002839915144345497,area_weighted_provisional
445,2026,5-14,3547,3368,6915,0.003574598269417019,area_weighted_provisional
446,2026,5-14,500,474,974,0.0005034771006790519,area_weighted_provisional
461,2026,5-14,1417,1345,2762,0.0014275715287714185,area_weighted_provisional
462,2026,5-14,4614,4382,8996,0.0046501572371633665,area_weighted_provisional
463,2026,5-14,4950,4701,9651,0.004988901904343847,area_weighted_provisional
464,2026,5-14,5114,4857,9971,0.005154360151015372,area_weighted_provisional
465,2026,5-14,5461,5186,10647,0.005504362858102118,area_weighted_provisional
466,2026,5-14,5461,5186,10647,0.005504362858102118,area_weighted_provisional
467,2026,5-14,5461,5186,10647,0.005504011179892893,area_weighted_provisional
468,2026,5-14,3743,3555,7298,0.0037723869716793468,area_weighted_provisional
469,2026,5-14,2328,2210,4538,0.0023458000788044815,area_weighted_provisional
470,2026,5-14,917,871,1788,0.000923867902054614,area_weighted_provisional
471,2026,5-14,3477,3302,6779,0.0035042576346892987,area_weighted_provisional
472,2026,5-14,5387,5116,10503,0.005429407711345488,area_weighted_provisional
473,2026,5-14,5461,5186,10647,0.005504362858102118,area_weighted_provisional
474,2026,5-14,5461,5186,10647,0.005504362858102118,area_weighted_provisional
475,2026,5-14,5461,5186,10647,0.005504362858102118,area_weighted_provisional
476,2026,5-14,5461,5186,10647,0.005504362858102118,area_weighted_provisional
477,2026,5-14,5461,5186,10647,0.005504362858102118,area_weighted_provisional
478,2026,5-14,5461,5186,10647,0.005504362858102118,area_weighted_provisional
479,2026,5-14,5461,5186,10647,0.005504362858102118,area_weighted_provisional
480,2026,5-14,5461,5186,10647,0.005504362858102118,area_weighted_provisional
481,2026,5-14,5461,5186,10647,0.005504362858102118,area_weighted_provisional
482,2026,5-14,5461,5186,10647,0.005504362858102118,area_weighted_provisional
483,2026,5-14,5461,5186,10647,0.005504362858102118,area_weighted_provisional
484,2026,5-14,5461,5186,10647,0.005504362858102118,area_weighted_provisional
485,2026,5-14,5461,5186,10647,0.005504362858102118,area_weighted_provisional
486,2026,5-14,5461,5186,10647,0.005504362858102118,area_weighted_provisional
487,2026,5-14,4131,3923,8054,0.004163615085023834,area_weighted_provisional
488,2026,5-14,381,362,743,0.00038425434643216664,area_weighted_provisional
503,2026,5-14,7,6,13,6.791161812094891e-06,area_weighted_provisional
504,2026,5-14,36,34,70,3.647063058182515e-05,area_weighted_provisional
505,2026,5-14,1858,1764,3622,0.001872240417688254,area_weighted_provisional
506,2026,5-14,4419,4196,8615,0.004453293192367749,area_weighted_provisional
507,2026,5-14,2257,2143,4400,0.0022744011585752095,area_weighted_provisional
508,2026,5-14,1983,1883,3866,0.001998514113125158,area_weighted_provisional
509,2026,5-14,26,25,51,2.6332356787668506e-05,area_weighted_provisional
513,2026,5-14,1838,1746,3584,0.001852534780810793,area_weighted_provisional
514,2026,5-14,4876,4631,9507,0.004914290439343731,area_weighted_provisional
515,2026,5-14,5232,4969,10201,0.005273391836416695,area_weighted_provisional
516,2026,5-14,2478,2353,4831,0.0024970672067845465,area_weighted_provisional
517,2026,5-14,2549,2421,4970,0.0025692773346532426,area_weighted_provisional
518,2026,5-14,4390,4169,8559,0.004424388456693288,area_weighted_provisional
519,2026,5-14,5461,5186,10647,0.005504362858102118,area_weighted_provisional
520,2026,5-14,5461,5186,10647,0.005504362858102118,area_weighted_provisional
521,2026,5-14,5461,5186,10647,0.005504362858102118,area_weighted_provisional
522,2026,5-14,5461,5186,10647,0.005504362858102118,area_weighted_provisional
523,2026,5-14,5461,5186,10647,0.005504362858102118,area_weighted_provisional
524,2026,5-14,5461,5186,10647,0.005504362858102118,area_weighted_provisional
525,2026,5-14,5461,5186,10647,0.005504362858102118,area_weighted_provisional
526,2026,5-14,5461,5186,10647,0.005504362858102118,area_weighted_provisional
527,2026,5-14,5461,5186,10647,0.005504362858102118,area_weighted_provisional
528,2026,5-14,5461,5186,10647,0.005504362858102118,area_weighted_provisional
529,2026,5-14,5086,4830,9916,0.0051262204991202485,area_weighted_provisional
530,2026,5-14,3289,3123,6412,0.003314862556476103,area_weighted_provisional
531,2026,5-14,540,513,1053,0.0005443532989445522,area_weighted_provisional
546,2026,5-14,2,2,4,2.1170105978231454e-06,area_weighted_provisional
547,2026,5-14,317,301,618,0.00031929124289908515,area_weighted_provisional
555,2026,5-14,51,48,99,5.07144227603341e-05,area_weighted_provisional
556,2026,5-14,405,385,790,0.0004083370190521384,area_weighted_provisional
559,2026,5-14,929,882,1811,0.000936481071646616,area_weighted_provisional
560,2026,5-14,4820,4577,9397,0.0048575835080811305,area_weighted_provisional
561,2026,5-14,5461,5186,10647,0.005504362858102118,area_weighted_provisional
562,2026,5-14,5461,5186,10647,0.005504362858102118,area_weighted_provisional
563,2026,5-14,5461,5186,10647,0.005504362858102118,area_weighted_provisional
564,2026,5-14,5461,5186,10647,0.005504362858102118,area_weighted_provisional
565,2026,5-14,5461,5186,10647,0.005504362858102118,area_weighted_provisional
566,2026,5-14,5461,5186,10647,0.005504362858102118,area_weighted_provisional
567,2026,5-14,5461,5186,10647,0.005504362858102118,area_weighted_provisional
568,2026,5-14,5461,5186,10647,0.005504362858102118,area_weighted_provisional
569,2026,5-14,5461,5186,10647,0.005504362858102118,area_weighted_provisional
570,2026,5-14,5461,5186,10647,0.005504362858102118,area_weighted_provisional
571,2026,5-14,5461,5186,10647,0.005504362858102118,area_weighted_provisional
572,2026,5-14,3336,3168,6504,0.0033622425855191923,area_weighted_provisional
573,2026,5-14,1663,1580,3243,0.0016763963668704625,area_weighted_provisional
601,2026,5-14,244,231,475,0.00024525054271355045,area_weighted_provisional
602,2026,5-14,3399,3228,6627,0.003425293598627441,area_weighted_provisional
603,2026,5-14,5461,5186,10647,0.005504362858102118,area_weighted_provisional
604,2026,5-14,5461,5186,10647,0.005504362858102118,area_weighted_provisional
605,2026,5-14,5461,5186,10647,0.005504362858102118,area_weighted_provisional
606,2026,5-14,5461,5186,10647,0.005504362858102118,area_weighted_provisional
607,2026,5-14,5461,5186,10647,0.005504362858102118,area_weighted_provisional
608,2026,5-14,5461,5186,10647,0.005504362858102118,area_weighted_provisional
609,2026,5-14,5461,5186,10647,0.005504362858102118,area_weighted_provisional
610,2026,5-14,5461,5186,10647,0.005504362858102118,area_weighted_provisional
611,2026,5-14,5461,5186,10647,0.005504362858102118,area_weighted_provisional
612,2026,5-14,5461,5186,10647,0.005504362858102118,area_weighted_provisional
613,2026,5-14,5461,5186,10647,0.005504362858102118,area_weighted_provisional
614,2026,5-14,2949,2800,5749,0.0029721021594356673,area_weighted_provisional
643,2026,5-14,145,138,283,0.0001461440527346009,area_weighted_provisional
644,2026,5-14,1653,1570,3223,0.0016658379907405322,area_weighted_provisional
645,2026,5-14,4319,4101,8420,0.004352749966155059,area_weighted_provisional
646,2026,5-14,5461,5186,10647,0.005504362858102118,area_weighted_provisional
647,2026,5-14,5461,5186,10647,0.005504362858102118,area_weighted_provisional
648,2026,5-14,4467,4242,8709,0.004502232022630705,area_weighted_provisional
649,2026,5-14,4864,4619,9483,0.0049021398742487825,area_weighted_provisional
650,2026,5-14,5461,5186,10647,0.005504362858102118,area_weighted_provisional
651,2026,5-14,5461,5186,10647,0.005504362858102118,area_weighted_provisional
652,2026,5-14,5461,5186,10647,0.005504362858102118,area_weighted_provisional
653,2026,5-14,5449,5174,10623,0.0054916111057319505,area_weighted_provisional
654,2026,5-14,5461,5186,10647,0.005504362858102118,area_weighted_provisional
655,2026,5-14,1731,1644,3375,0.0017443205230780916,area_weighted_provisional
686,2026,5-14,1054,1001,2055,0.0010619405567418607,area_weighted_provisional
687,2026,5-14,3103,2947,6050,0.003127285507103767,area_weighted_provisional
688,2026,5-14,4870,4625,9495,0.004908149450899529,area_weighted_provisional
689,2026,5-14,952,903,1855,0.0009588093310067073,area_weighted_provisional
690,2026,5-14,1651,1568,3219,0.0016641250463270314,area_weighted_provisional
691,2026,5-14,1136,1079,2215,0.0011447135277271316,area_weighted_provisional
692,2026,5-14,1789,1699,3488,0.001803077931724942,area_weighted_provisional
693,2026,5-14,1624,1542,3166,0.0016364373293684866,area_weighted_provisional
694,2026,5-14,213,203,416,0.0002149340419818776,area_weighted_provisional
695,2026,5-14,2144,2036,4180,0.002160514850005472,area_weighted_provisional
696,2026,5-14,516,490,1006,0.0005201941144574007,area_weighted_provisional
729,2026,5-14,28,27,55,2.833407408526698e-05,area_weighted_provisional
730,2026,5-14,101,96,197,0.00010169095337973231,area_weighted_provisional
0,2026,65+,2874,4132,7006,0.004111111935662014,area_weighted_provisional
1,2026,65+,1561,2244,3805,0.002232732950754266,area_weighted_provisional
2,2026,65+,30,43,73,4.241941865939031e-05,area_weighted_provisional
41,2026,65+,2322,3339,5661,0.0033216927073333553,area_weighted_provisional
42,2026,65+,3848,5532,9380,0.005504362858102118,area_weighted_provisional
43,2026,65+,2801,4027,6828,0.004006961218415471,area_weighted_provisional
44,2026,65+,385,554,939,0.0005515840395041757,area_weighted_provisional
82,2026,65+,269,387,656,0.0003848040635349,area_weighted_provisional
83,2026,65+,1681,2418,4099,0.002405398567899838,area_weighted_provisional
84,2026,65+,3762,5409,9171,0.005381333476728624,area_weighted_provisional
85,2026,65+,3757,5402,9159,0.0053747135168399005,area_weighted_provisional
86,2026,65+,2885,4148,7033,0.004127307141022788,area_weighted_provisional
87,2026,65+,968,1392,2360,0.001384623463900123,area_weighted_provisional
91,2026,65+,220,317,537,0.0003148698122345305,area_weighted_provisional
125,2026,65+,1547,2225,3772,0.002213422651104565,area_weighted_provisional
126,2026,65+,3825,5500,9325,0.005472321831802506,area_weighted_provisional
127,2026,65+,3848,5532,9380,0.005504362858102118,area_weighted_provisional
128,2026,65+,3847,5532,9379,0.005503826868190568,area_weighted_provisional
129,2026,65+,3009,4326,7335,0.0043041670150810365,area_weighted_provisional
130,2026,65+,2129,3061,5190,0.003045790110037765,area_weighted_provisional
131,2026,65+,2134,3068,5202,0.003052926390237525,area_weighted_provisional
132,2026,65+,3601,5178,8779,0.005151562368275188,area_weighted_provisional
133,2026,65+,3104,4464,7568,0.004441182420478566,area_weighted_provisional
134,2026,65+,2859,4111,6970,0.004090783114869541,area_weighted_provisional
135,2026,65+,1196,1720,2916,0.001711608908847373,area_weighted_provisional
136,2026,65+,258,371,629,0.000368818662799663,area_weighted_provisional
166,2026,65+,2,4,6,3.4639218255227433e-06,area_weighted_provisional
167,2026,65+,2641,3797,6438,0.0037779729528336745,area_weighted_provisional
168,2026,65+,3848,5532,9380,0.005504362858102118,area_weighted_provisional
169,2026,65+,3812,5481,9293,0.005453058322428236,area_weighted_provisional
170,2026,65+,3848,5532,9380,0.005504362858102118,area_weighted_provisional
171,2026,65+,3848,5532,9380,0.005504362858102118,area_weighted_provisional
172,2026,65+,3848,5532,9380,0.005504362858102118,area_weighted_provisional
173,2026,65+,3848,5532,9380,0.005504362858102118,area_weighted_provisional
174,2026,65+,3848,5532,9380,0.005504362858102118,area_weighted_provisional
175,2026,65+,3848,5532,9380,0.005504362858102118,area_weighted_provisional
176,2026,65+,3848,5532,9380,0.005504362858102118,area_weighted_provisional
177,2026,65+,3665,5270,8935,0.0052432719084450335,area_weighted_provisional
178,2026,65+,1409,2027,3436,0.002016523644884431,area_weighted_provisional
208,2026,65+,2034,2925,4959,0.0029102057493388973,area_weighted_provisional
209,2026,65+,944,1357,2301,0.0013503419896838099,area_weighted_provisional
210,2026,65+,1200,1725,2925,0.0017166861317322799,area_weighted_provisional
211,2026,65+,3848,5532,9380,0.005504362858102118,area_weighted_provisional
212,2026,65+,3848,5532,9380,0.005504362858102118,area_weighted_provisional
213,2026,65+,3848,5532,9380,0.005504362858102118,area_weighted_provisional
214,2026,65+,3848,5532,9380,0.005504362858102118,area_weighted_provisional
215,2026,65+,3848,5532,9380,0.005504362858102118,area_weighted_provisional
216,2026,65+,3848,5532,9380,0.005504362858102118,area_weighted_provisional
217,2026,65+,3848,5532,9380,0.005504362858102118,area_weighted_provisional
218,2026,65+,3333,4793,8126,0.00476871987383445,area_weighted_provisional
219,2026,65+,220,317,537,0.0003154592911498096,area_weighted_provisional
251,2026,65+,3,5,8,5.030637835263106e-06,area_weighted_provisional
252,2026,65+,1245,1791,3036,0.0017817721696142136,area_weighted_provisional
253,2026,65+,3359,4829,8188,0.004805048750298166,area_weighted_provisional
254,2026,65+,3848,5532,9380,0.005504362858102118,area_weighted_provisional
255,2026,65+,3848,5532,9380,0.005504362858102118,area_weighted_provisional
256,2026,65+,3848,5532,9380,0.005504362858102118,area_weighted_provisional
257,2026,65+,3848,5532,9380,0.005504362858102118,area_weighted_provisional
258,2026,65+,3848,5532,9380,0.005504362858102118,area_weighted_provisional
259,2026,65+,1991,2863,4854,0.0028490408936309645,area_weighted_provisional
294,2026,65+,452,651,1103,0.0006472196012305467,area_weighted_provisional
295,2026,65+,2529,3637,6166,0.0036187680109467657,area_weighted_provisional
296,2026,65+,3833,5512,9345,0.005484148007521991,area_weighted_provisional
297,2026,65+,3848,5532,9380,0.005504362858102118,area_weighted_provisional
298,2026,65+,3848,5532,9380,0.005504362858102118,area_weighted_provisional
299,2026,65+,3848,5532,9380,0.005504362858102118,area_weighted_provisional
300,2026,65+,2832,4072,6904,0.004051713184843394,area_weighted_provisional
301,2026,65+,1548,2227,3775,0.0022153498432457594,area_weighted_provisional
302,2026,65+,1410,2027,3437,0.002016865757500113,area_weighted_provisional
303,2026,65+,1087,1564,2651,0.0015557258966317098,area_weighted_provisional
304,2026,65+,357,513,870,0.000510837061523148,area_weighted_provisional
337,2026,65+,539,775,1314,0.0007711488142451473,area_weighted_provisional
338,2026,65+,3238,4656,7894,0.004632770625474323,area_weighted_provisional
339,2026,65+,3848,5532,9380,0.005504362858102118,area_weighted_provisional
340,2026,65+,3848,5532,9380,0.005504362858102118,area_weighted_provisional
341,2026,65+,3848,5532,9380,0.005504362858102118,area_weighted_provisional
342,2026,65+,3848,5532,9380,0.005504362858102118,area_weighted_provisional
343,2026,65+,3848,5532,9380,0.005504362858102118,area_weighted_provisional
344,2026,65+,3848,5532,9380,0.005504362858102118,area_weighted_provisional
345,2026,65+,3757,5402,9159,0.005375151582711521,area_weighted_provisional
346,2026,65+,1477,2124,3601,0.002113491754257016,area_weighted_provisional
347,2026,65+,93,134,227,0.00013291063911398672,area_weighted_provisional
348,2026,65+,1408,2024,3432,0.0020138394336734326,area_weighted_provisional
349,2026,65+,1307,1879,3186,0.0018699060965608424,area_weighted_provisional
350,2026,65+,1799,2587,4386,0.0025739390493758375,area_weighted_provisional
351,2026,65+,1392,2002,3394,0.001991402926245202,area_weighted_provisional
352,2026,65+,515,740,1255,0.0007363260505054276,area_weighted_provisional
353,2026,65+,1,2,3,1.78467170163296e-06,area_weighted_provisional
360,2026,65+,1134,1630,2764,0.0016218000853290696,area_weighted_provisional
361,2026,65+,912,1312,2224,0.0013051572944808,area_weighted_provisional
379,2026,65+,2394,3443,5837,0.003425495091580223,area_weighted_provisional
380,2026,65+,3848,5532,9380,0.005504362858102118,area_weighted_provisional
381,2026,65+,3848,5532,9380,0.005504362858102118,area_weighted_provisional
382,2026,65+,3848,5532,9380,0.005504362858102118,area_weighted_provisional
383,2026,65+,3848,5532,9380,0.005504362858102118,area_weighted_provisional
384,2026,65+,3848,5532,9380,0.005504362858102118,area_weighted_provisional
385,2026,65+,3848,5532,9380,0.005504362858102118,area_weighted_provisional
386,2026,65+,3848,5532,9380,0.005504362858102118,area_weighted_provisional
387,2026,65+,3844,5527,9371,0.005499201613981656,area_weighted_provisional
388,2026,65+,3776,5429,9205,0.005401936818714297,area_weighted_provisional
389,2026,65+,3848,5532,9380,0.005504362858102118,area_weighted_provisional
390,2026,65+,3848,5532,9380,0.005504362858102118,area_weighted_provisional
391,2026,65+,3848,5532,9380,0.005504362858102118,area_weighted_provisional
392,2026,65+,3848,5532,9380,0.005504362858102118,area_weighted_provisional
393,2026,65+,3848,5532,9380,0.005504362858102118,area_weighted_provisional
394,2026,65+,2861,4114,6975,0.004092867054480344,area_weighted_provisional
395,2026,65+,1267,1822,3089,0.0018124650309546732,area_weighted_provisional
396,2026,65+,310,446,756,0.0004434106069369428,area_weighted_provisional
397,2026,65+,110,159,269,0.00015791034600272445,area_weighted_provisional
398,2026,65+,441,635,1076,0.0006316200815688617,area_weighted_provisional
400,2026,65+,306,440,746,0.00043761263591475167,area_weighted_provisional
401,2026,65+,3790,5450,9240,0.005422777106114381,area_weighted_provisional
402,2026,65+,3351,4818,8169,0.004793950019297215,area_weighted_provisional
403,2026,65+,30,43,73,4.251104922462493e-05,area_weighted_provisional
420,2026,65+,1995,2869,4864,0.002854707439506283,area_weighted_provisional
421,2026,65+,3848,5532,9380,0.005504362858102118,area_weighted_provisional
422,2026,65+,3848,5532,9380,0.005504362858102118,area_weighted_provisional
423,2026,65+,3848,5532,9380,0.005504362858102118,area_weighted_provisional
424,2026,65+,3848,5532,9380,0.005504362858102118,area_weighted_provisional
425,2026,65+,3848,5532,9380,0.005504362858102118,area_weighted_provisional
426,2026,65+,3848,5532,9380,0.005504362858102118,area_weighted_provisional
427,2026,65+,3848,5532,9380,0.005504362858102118,area_weighted_provisional
428,2026,65+,3848,5532,9380,0.005504362858102118,area_weighted_provisional
429,2026,65+,3848,5532,9380,0.005504362858102118,area_weighted_provisional
430,2026,65+,3848,5532,9380,0.005504362858102118,area_weighted_provisional
431,2026,65+,3848,5532,9380,0.005504362858102118,area_weighted_provisional
432,2026,65+,3848,5532,9380,0.005504362858102118,area_weighted_provisional
433,2026,65+,3848,5532,9380,0.005504362858102118,area_weighted_provisional
434,2026,65+,3848,5532,9380,0.005504362858102118,area_weighted_provisional
435,2026,65+,3847,5532,9379,0.005504362858102118,area_weighted_provisional
436,2026,65+,3847,5532,9379,0.005504362858102118,area_weighted_provisional
437,2026,65+,3810,5479,9289,0.0054513347313239775,area_weighted_provisional
438,2026,65+,3631,5222,8853,0.005195218262947441,area_weighted_provisional
439,2026,65+,3633,5224,8857,0.005197840339778438,area_weighted_provisional
440,2026,65+,3369,4844,8213,0.004819901132293337,area_weighted_provisional
441,2026,65+,3737,5373,9110,0.005346316150884353,area_weighted_provisional
442,2026,65+,3847,5532,9379,0.005504362858102118,area_weighted_provisional
443,2026,65+,3845,5529,9374,0.005500679921816726,area_weighted_provisional
444,2026,65+,1985,2854,4839,0.002839915144345497,area_weighted_provisional
445,2026,65+,2499,3593,6092,0.003574598269417019,area_weighted_provisional
446,2026,65+,352,506,858,0.0005034771006790519,area_weighted_provisional
461,2026,65+,998,1435,2433,0.0014275715287714185,area_weighted_provisional
462,2026,65+,3250,4674,7924,0.0046501572371633665,area_weighted_provisional
463,2026,65+,3487,5014,8501,0.004988901904343847,area_weighted_provisional
464,2026,65+,3603,5180,8783,0.005154360151015372,area_weighted_provisional
465,2026,65+,3847,5532,9379,0.005504362858102118,area_weighted_provisional
466,2026,65+,3847,5532,9379,0.005504362858102118,area_weighted_provisional
467,2026,65+,3847,5532,9379,0.005504011179892893,area_weighted_provisional
468,2026,65+,2637,3791,6428,0.0037723869716793468,area_weighted_provisional
469,2026,65+,1640,2358,3998,0.0023458000788044815,area_weighted_provisional
470,2026,65+,646,929,1575,0.000923867902054614,area_weighted_provisional
471,2026,65+,2449,3522,5971,0.0035042576346892987,area_weighted_provisional
472,2026,65+,3795,5457,9252,0.005429407711345488,area_weighted_provisional
473,2026,65+,3848,5532,9380,0.005504362858102118,area_weighted_provisional
474,2026,65+,3847,5532,9379,0.005504362858102118,area_weighted_provisional
475,2026,65+,3848,5532,9380,0.005504362858102118,area_weighted_provisional
476,2026,65+,3848,5532,9380,0.005504362858102118,area_weighted_provisional
477,2026,65+,3848,5532,9380,0.005504362858102118,area_weighted_provisional
478,2026,65+,3847,5532,9379,0.005504362858102118,area_weighted_provisional
479,2026,65+,3848,5532,9380,0.005504362858102118,area_weighted_provisional
480,2026,65+,3848,5532,9380,0.005504362858102118,area_weighted_provisional
481,2026,65+,3848,5532,9380,0.005504362858102118,area_weighted_provisional
482,2026,65+,3848,5532,9380,0.005504362858102118,area_weighted_provisional
483,2026,65+,3848,5532,9380,0.005504362858102118,area_weighted_provisional
484,2026,65+,3848,5532,9380,0.005504362858102118,area_weighted_provisional
485,2026,65+,3848,5532,9380,0.005504362858102118,area_weighted_provisional
486,2026,65+,3848,5532,9380,0.005504362858102118,area_weighted_provisional
487,2026,65+,2910,4185,7095,0.004163615085023834,area_weighted_provisional
488,2026,65+,268,386,654,0.00038425434643216664,area_weighted_provisional
503,2026,65+,5,7,12,6.791161812094891e-06,area_weighted_provisional
504,2026,65+,25,37,62,3.647063058182515e-05,area_weighted_provisional
505,2026,65+,1309,1882,3191,0.001872240417688254,area_weighted_provisional
506,2026,65+,3113,4476,7589,0.004453293192367749,area_weighted_provisional
507,2026,65+,1590,2286,3876,0.0022744011585752095,area_weighted_provisional
508,2026,65+,1397,2009,3406,0.001998514113125158,area_weighted_provisional
509,2026,65+,18,27,45,2.6332356787668506e-05,area_weighted_provisional
513,2026,65+,1295,1862,3157,0.001852534780810793,area_weighted_provisional
514,2026,65+,3435,4939,8374,0.004914290439343731,area_weighted_provisional
515,2026,65+,3686,5300,8986,0.005273391836416695,area_weighted_provisional
516,2026,65+,1745,2510,4255,0.0024970672067845465,area_weighted_provisional
517,2026,65+,1796,2582,4378,0.0025692773346532426,area_weighted_provisional
518,2026,65+,3093,4447,7540,0.004424388456693288,area_weighted_provisional
519,2026,65+,3848,5532,9380,0.005504362858102118,area_weighted_provisional
520,2026,65+,3848,5532,9380,0.005504362858102118,area_weighted_provisional
521,2026,65+,3848,5532,9380,0.005504362858102118,area_weighted_provisional
522,2026,65+,3848,5532,9380,0.005504362858102118,area_weighted_provisional
523,2026,65+,3848,5532,9380,0.005504362858102118,area_weighted_provisional
524,2026,65+,3848,5532,9380,0.005504362858102118,area_weighted_provisional
525,2026,65+,3848,5532,9380,0.005504362858102118,area_weighted_provisional
526,2026,65+,3848,5532,9380,0.005504362858102118,area_weighted_provisional
527,2026,65+,3848,5532,9380,0.005504362858102118,area_weighted_provisional
528,2026,65+,3848,5532,9380,0.005504362858102118,area_weighted_provisional
529,2026,65+,3583,5152,8735,0.0051262204991202485,area_weighted_provisional
530,2026,65+,2317,3332,5649,0.003314862556476103,area_weighted_provisional
531,2026,65+,380,547,927,0.0005443532989445522,area_weighted_provisional
546,2026,65+,1,2,3,2.1170105978231454e-06,area_weighted_provisional
547,2026,65+,223,321,544,0.00031929124289908515,area_weighted_provisional
555,2026,65+,35,51,86,5.07144227603341e-05,area_weighted_provisional
556,2026,65+,285,410,695,0.0004083370190521384,area_weighted_provisional
559,2026,65+,654,941,1595,0.000936481071646616,area_weighted_provisional
560,2026,65+,3395,4882,8277,0.0048575835080811305,area_weighted_provisional
561,2026,65+,3847,5532,9379,0.005504362858102118,area_weighted_provisional
562,2026,65+,3847,5532,9379,0.005504362858102118,area_weighted_provisional
563,2026,65+,3847,5532,9379,0.005504362858102118,area_weighted_provisional
564,2026,65+,3847,5532,9379,0.005504362858102118,area_weighted_provisional
565,2026,65+,3847,5532,9379,0.005504362858102118,area_weighted_provisional
566,2026,65+,3847,5532,9379,0.005504362858102118,area_weighted_provisional
567,2026,65+,3847,5532,9379,0.005504362858102118,area_weighted_provisional
568,2026,65+,3847,5532,9379,0.005504362858102118,area_weighted_provisional
569,2026,65+,3848,5532,9380,0.005504362858102118,area_weighted_provisional
570,2026,65+,3848,5532,9380,0.005504362858102118,area_weighted_provisional
571,2026,65+,3848,5532,9380,0.005504362858102118,area_weighted_provisional
572,2026,65+,2350,3379,5729,0.0033622425855191923,area_weighted_provisional
573,2026,65+,1172,1685,2857,0.0016763963668704625,area_weighted_provisional
601,2026,65+,171,247,418,0.00024525054271355045,area_weighted_provisional
602,2026,65+,2394,3443,5837,0.003425293598627441,area_weighted_provisional
603,2026,65+,3847,5532,9379,0.005504362858102118,area_weighted_provisional
604,2026,65+,3847,5532,9379,0.005504362858102118,area_weighted_provisional
605,2026,65+,3848,5532,9380,0.005504362858102118,area_weighted_provisional
606,2026,65+,3848,5532,9380,0.005504362858102118,area_weighted_provisional
607,2026,65+,3847,5532,9379,0.005504362858102118,area_weighted_provisional
608,2026,65+,3848,5532,9380,0.005504362858102118,area_weighted_provisional
609,2026,65+,3848,5532,9380,0.005504362858102118,area_weighted_provisional
610,2026,65+,3847,5532,9379,0.005504362858102118,area_weighted_provisional
611,2026,65+,3848,5532,9380,0.005504362858102118,area_weighted_provisional
612,2026,65+,3848,5532,9380,0.005504362858102118,area_weighted_provisional
613,2026,65+,3848,5532,9380,0.005504362858102118,area_weighted_provisional
614,2026,65+,2077,2987,5064,0.0029721021594356673,area_weighted_provisional
643,2026,65+,102,147,249,0.0001461440527346009,area_weighted_provisional
644,2026,65+,1164,1674,2838,0.0016658379907405322,area_weighted_provisional
645,2026,65+,3043,4375,7418,0.004352749966155059,area_weighted_provisional
646,2026,65+,3848,5532,9380,0.005504362858102118,area_weighted_provisional
647,2026,65+,3848,5532,9380,0.005504362858102118,area_weighted_provisional
648,2026,65+,3147,4525,7672,0.004502232022630705,area_weighted_provisional
649,2026,65+,3427,4927,8354,0.0049021398742487825,area_weighted_provisional
650,2026,65+,3848,5532,9380,0.005504362858102118,area_weighted_provisional
651,2026,65+,3848,5532,9380,0.005504362858102118,area_weighted_provisional
652,2026,65+,3848,5532,9380,0.005504362858102118,area_weighted_provisional
653,2026,65+,3839,5519,9358,0.0054916111057319505,area_weighted_provisional
654,2026,65+,3848,5532,9380,0.005504362858102118,area_weighted_provisional
655,2026,65+,1219,1753,2972,0.0017443205230780916,area_weighted_provisional
686,2026,65+,742,1067,1809,0.0010619405567418607,area_weighted_provisional
687,2026,65+,2186,3143,5329,0.003127285507103767,area_weighted_provisional
688,2026,65+,3431,4933,8364,0.004908149450899529,area_weighted_provisional
689,2026,65+,670,964,1634,0.0009588093310067073,area_weighted_provisional
690,2026,65+,1163,1673,2836,0.0016641250463270314,area_weighted_provisional
691,2026,65+,800,1151,1951,0.0011447135277271316,area_weighted_provisional
692,2026,65+,1260,1812,3072,0.001803077931724942,area_weighted_provisional
693,2026,65+,1144,1645,2789,0.0016364373293684866,area_weighted_provisional
694,2026,65+,150,216,366,0.0002149340419818776,area_weighted_provisional
695,2026,65+,1510,2171,3681,0.002160514850005472,area_weighted_provisional
696,2026,65+,363,523,886,0.0005201941144574007,area_weighted_provisional
729,2026,65+,20,29,49,2.833407408526698e-05,area_weighted_provisional
730,2026,65+,71,102,173,0.00010169095337973231,area_weighted_provisional
