Row,Column,Year,Population,Race,Ethnicity,Gender,AgeRange
1,1,2026,1706,ALL,ALL,FEMALE,0-4
1,1,2026,1798,ALL,ALL,MALE,0-4
1,1,2026,16303,ALL,ALL,FEMALE,15-44
1,1,2026,16426,ALL,ALL,MALE,15-44
1,1,2026,8025,ALL,ALL,FEMALE,45-64
1,1,2026,6790,ALL,ALL,MALE,45-64
1,1,2026,3874,ALL,ALL,FEMALE,5-14
1,1,2026,4079,ALL,ALL,MALE,5-14
1,1,2026,4132,ALL,ALL,FEMALE,65+
1,1,2026,2874,ALL,ALL,MALE,65+
1,2,2026,1379,ALL,ALL,FEMALE,0-4
1,2,2026,1453,ALL,ALL,MALE,0-4
1,2,2026,13172,ALL,ALL,FEMALE,15-44
1,2,2026,13272,ALL,ALL,MALE,15-44
1,2,2026,6484,ALL,ALL,FEMALE,45-64
1,2,2026,5486,ALL,ALL,MALE,45-64
1,2,2026,3130,ALL,ALL,FEMALE,5-14
1,2,2026,3296,ALL,ALL,MALE,5-14
1,2,2026,3339,ALL,ALL,FEMALE,65+
1,2,2026,2322,ALL,ALL,MALE,65+
1,3,2026,160,ALL,ALL,FEMALE,0-4
1,3,2026,168,ALL,ALL,MALE,0-4
1,3,2026,1526,ALL,ALL,FEMALE,15-44
1,3,2026,1538,ALL,ALL,MALE,15-44
1,3,2026,751,ALL,ALL,FEMALE,45-64
1,3,2026,636,ALL,ALL,MALE,45-64
1,3,2026,363,ALL,ALL,FEMALE,5-14
1,3,2026,382,ALL,ALL,MALE,5-14
1,3,2026,387,ALL,ALL,FEMALE,65+
1,3,2026,269,ALL,ALL,MALE,65+
2,1,2026,927,ALL,ALL,FEMALE,0-4
2,1,2026,977,ALL,ALL,MALE,0-4
2,1,2026,8854,ALL,ALL,FEMALE,15-44
2,1,2026,8921,ALL,ALL,MALE,15-44
2,1,2026,4358,ALL,ALL,FEMALE,45-64
2,1,2026,3687,ALL,ALL,MALE,45-64
2,1,2026,2104,ALL,ALL,FEMALE,5-14
2,1,2026,2215,ALL,ALL,MALE,5-14
2,1,2026,2244,ALL,ALL,FEMALE,65+
2,1,2026,1561,ALL,ALL,MALE,65+
2,2,2026,2285,ALL,ALL,FEMALE,0-4
2,2,2026,2408,ALL,ALL,MALE,0-4
2,2,2026,21828,ALL,ALL,FEMALE,15-44
2,2,2026,21993,ALL,ALL,MALE,15-44
2,2,2026,10744,ALL,ALL,FEMALE,45-64
2,2,2026,9090,ALL,ALL,MALE,45-64
2,2,2026,5186,ALL,ALL,FEMALE,5-14
2,2,2026,5461,ALL,ALL,MALE,5-14
2,2,2026,5532,ALL,ALL,FEMALE,65+
2,2,2026,3848,ALL,ALL,MALE,65+
2,3,2026,998,ALL,ALL,FEMALE,0-4
2,3,2026,1052,ALL,ALL,MALE,0-4
2,3,2026,9539,ALL,ALL,FEMALE,15-44
2,3,2026,9611,ALL,ALL,MALE,15-44
2,3,2026,4695,ALL,ALL,FEMALE,45-64
2,3,2026,3973,ALL,ALL,MALE,45-64
2,3,2026,2267,ALL,ALL,FEMALE,5-14
2,3,2026,2387,ALL,ALL,MALE,5-14
2,3,2026,2418,ALL,ALL,FEMALE,65+
2,3,2026,1681,ALL,ALL,MALE,65+
3,1,2026,17,ALL,ALL,FEMALE,0-4
3,1,2026,19,ALL,ALL,MALE,0-4
3,1,2026,168,ALL,ALL,FEMALE,15-44
3,1,2026,170,ALL,ALL,MALE,15-44
3,1,2026,83,ALL,ALL,FEMALE,45-64
3,1,2026,70,ALL,ALL,MALE,45-64
3,1,2026,40,ALL,ALL,FEMALE,5-14
3,1,2026,42,ALL,ALL,MALE,5-14
3,1,2026,43,ALL,ALL,FEMALE,65+
3,1,2026,30,ALL,ALL,MALE,65+
3,2,2026,1663,ALL,ALL,FEMALE,0-4
3,2,2026,1753,ALL,ALL,MALE,0-4
3,2,2026,15890,ALL,ALL,FEMALE,15-44
3,2,2026,16010,ALL,ALL,MALE,15-44
3,2,2026,7822,ALL,ALL,FEMALE,45-64
3,2,2026,6618,ALL,ALL,MALE,45-64
3,2,2026,3776,ALL,ALL,FEMALE,5-14
3,2,2026,3976,ALL,ALL,MALE,5-14
3,2,2026,4027,ALL,ALL,FEMALE,65+
3,2,2026,2801,ALL,ALL,MALE,65+
3,3,2026,2233,ALL,ALL,FEMALE,0-4
3,3,2026,2354,ALL,ALL,MALE,0-4
3,3,2026,21340,ALL,ALL,FEMALE,15-44
3,3,2026,21501,ALL,ALL,MALE,15-44
3,3,2026,10504,ALL,ALL,FEMALE,45-64
3,3,2026,8887,ALL,ALL,MALE,45-64
3,3,2026,5071,ALL,ALL,FEMALE,5-14
3,3,2026,5339,ALL,ALL,MALE,5-14
3,3,2026,5409,ALL,ALL,FEMALE,65+
3,3,2026,3762,ALL,ALL,MALE,65+
3,4,2026,919,ALL,ALL,FEMALE,0-4
3,4,2026,968,ALL,ALL,MALE,0-4
3,4,2026,8777,ALL,ALL,FEMALE,15-44
3,4,2026,8844,ALL,ALL,MALE,15-44
3,4,2026,4321,ALL,ALL,FEMALE,45-64
3,4,2026,3656,ALL,ALL,MALE,45-64
3,4,2026,2086,ALL,ALL,FEMALE,5-14
3,4,2026,2196,ALL,ALL,MALE,5-14
3,4,2026,2225,ALL,ALL,FEMALE,65+
3,4,2026,1547,ALL,ALL,MALE,65+
3,5,2026,1,ALL,ALL,FEMALE,0-4
3,5,2026,1,ALL,ALL,MALE,0-4
3,5,2026,14,ALL,ALL,FEMALE,15-44
3,5,2026,14,ALL,ALL,MALE,15-44
3,5,2026,7,ALL,ALL,FEMALE,45-64
3,5,2026,6,ALL,ALL,MALE,45-64
3,5,2026,3,ALL,ALL,FEMALE,5-14
3,5,2026,4,ALL,ALL,MALE,5-14
3,5,2026,4,ALL,ALL,FEMALE,65+
3,5,2026,2,ALL,ALL,MALE,65+
4,2,2026,229,ALL,ALL,FEMALE,0-4
4,2,2026,241,ALL,ALL,MALE,0-4
4,2,2026,2187,ALL,ALL,FEMALE,15-44
4,2,2026,2204,ALL,ALL,MALE,15-44
4,2,2026,1077,ALL,ALL,FEMALE,45-64
4,2,2026,911,ALL,ALL,MALE,45-64
4,2,2026,520,ALL,ALL,FEMALE,5-14
4,2,2026,547,ALL,ALL,MALE,5-14
4,2,2026,554,ALL,ALL,FEMALE,65+
4,2,2026,385,ALL,ALL,MALE,65+
4,3,2026,2231,ALL,ALL,FEMALE,0-4
4,3,2026,2351,ALL,ALL,MALE,0-4
4,3,2026,21313,ALL,ALL,FEMALE,15-44
4,3,2026,21475,ALL,ALL,MALE,15-44
4,3,2026,10491,ALL,ALL,FEMALE,45-64
4,3,2026,8876,ALL,ALL,MALE,45-64
4,3,2026,5064,ALL,ALL,FEMALE,5-14
4,3,2026,5333,ALL,ALL,MALE,5-14
4,3,2026,5402,ALL,ALL,FEMALE,65+
4,3,2026,3757,ALL,ALL,MALE,65+
4,4,2026,2271,ALL,ALL,FEMALE,0-4
4,4,2026,2393,ALL,ALL,MALE,0-4
4,4,2026,21700,ALL,ALL,FEMALE,15-44
4,4,2026,21865,ALL,ALL,MALE,15-44
4,4,2026,10682,ALL,ALL,FEMALE,45-64
4,4,2026,9038,ALL,ALL,MALE,45-64
4,4,2026,5156,ALL,ALL,FEMALE,5-14
4,4,2026,5430,ALL,ALL,MALE,5-14
4,4,2026,5500,ALL,ALL,FEMALE,65+
4,4,2026,3825,ALL,ALL,MALE,65+
4,5,2026,1568,ALL,ALL,FEMALE,0-4
4,5,2026,1652,ALL,ALL,MALE,0-4
4,5,2026,14981,ALL,ALL,FEMALE,15-44
4,5,2026,15095,ALL,ALL,MALE,15-44
4,5,2026,7375,ALL,ALL,FEMALE,45-64
4,5,2026,6239,ALL,ALL,MALE,45-64
4,5,2026,3560,ALL,ALL,FEMALE,5-14
4,5,2026,3749,ALL,ALL,MALE,5-14
4,5,2026,3797,ALL,ALL,FEMALE,65+
4,5,2026,2641,ALL,ALL,MALE,65+
4,6,2026,1208,ALL,ALL,FEMALE,0-4
4,6,2026,1273,ALL,ALL,MALE,0-4
4,6,2026,11540,ALL,ALL,FEMALE,15-44
4,6,2026,11628,ALL,ALL,MALE,15-44
4,6,2026,5681,ALL,ALL,FEMALE,45-64
4,6,2026,4806,ALL,ALL,MALE,45-64
4,6,2026,2742,ALL,ALL,FEMALE,5-14
4,6,2026,2888,ALL,ALL,MALE,5-14
4,6,2026,2925,ALL,ALL,FEMALE,65+
4,6,2026,2034,ALL,ALL,MALE,65+
5,3,2026,1713,ALL,ALL,FEMALE,0-4
5,3,2026,1805,ALL,ALL,MALE,0-4
5,3,2026,16367,ALL,ALL,FEMALE,15-44
5,3,2026,16491,ALL,ALL,MALE,15-44
5,3,2026,8057,ALL,ALL,FEMALE,45-64
5,3,2026,6816,ALL,ALL,MALE,45-64
5,3,2026,3889,ALL,ALL,FEMALE,5-14
5,3,2026,4095,ALL,ALL,MALE,5-14
5,3,2026,4148,ALL,ALL,FEMALE,65+
5,3,2026,2885,ALL,ALL,MALE,65+
5,4,2026,2285,ALL,ALL,FEMALE,0-4
5,4,2026,2408,ALL,ALL,MALE,0-4
5,4,2026,21828,ALL,ALL,FEMALE,15-44
5,4,2026,21993,ALL,ALL,MALE,15-44
5,4,2026,10744,ALL,ALL,FEMALE,45-64
5,4,2026,9090,ALL,ALL,MALE,45-64
5,4,2026,5186,ALL,ALL,FEMALE,5-14
5,4,2026,5461,ALL,ALL,MALE,5-14
5,4,2026,5532,ALL,ALL,FEMALE,65+
5,4,2026,3848,ALL,ALL,MALE,65+
5,5,2026,2285,ALL,ALL,FEMALE,0-4
5,5,2026,2408,ALL,ALL,MALE,0-4
5,5,2026,21828,ALL,ALL,FEMALE,15-44
5,5,2026,21993,ALL,ALL,MALE,15-44
5,5,2026,10744,ALL,ALL,FEMALE,45-64
5,5,2026,9090,ALL,ALL,MALE,45-64
5,5,2026,5187,ALL,ALL,FEMALE,5-14
5,5,2026,5461,ALL,ALL,MALE,5-14
5,5,2026,5532,ALL,ALL,FEMALE,65+
5,5,2026,3848,ALL,ALL,MALE,65+
5,6,2026,560,ALL,ALL,FEMALE,0-4
5,6,2026,591,ALL,ALL,MALE,0-4
5,6,2026,5355,ALL,ALL,FEMALE,15-44
5,6,2026,5395,ALL,ALL,MALE,15-44
5,6,2026,2636,ALL,ALL,FEMALE,45-64
5,6,2026,2230,ALL,ALL,MALE,45-64
5,6,2026,1272,ALL,ALL,FEMALE,5-14
5,6,2026,1340,ALL,ALL,MALE,5-14
5,6,2026,1357,ALL,ALL,FEMALE,65+
5,6,2026,944,ALL,ALL,MALE,65+
6,3,2026,575,ALL,ALL,FEMALE,0-4
6,3,2026,606,ALL,ALL,MALE,0-4
6,3,2026,5491,ALL,ALL,FEMALE,15-44
6,3,2026,5532,ALL,ALL,MALE,15-44
6,3,2026,2703,ALL,ALL,FEMALE,45-64
6,3,2026,2287,ALL,ALL,MALE,45-64
6,3,2026,1305,ALL,ALL,FEMALE,5-14
6,3,2026,1374,ALL,ALL,MALE,5-14
6,3,2026,1392,ALL,ALL,FEMALE,65+
6,3,2026,968,ALL,ALL,MALE,65+
6,4,2026,2284,ALL,ALL,FEMALE,0-4
6,4,2026,2407,ALL,ALL,MALE,0-4
6,4,2026,21825,ALL,ALL,FEMALE,15-44
6,4,2026,21991,ALL,ALL,MALE,15-44
6,4,2026,10743,ALL,ALL,FEMALE,45-64
6,4,2026,9090,ALL,ALL,MALE,45-64
6,4,2026,5186,ALL,ALL,FEMALE,5-14
6,4,2026,5461,ALL,ALL,MALE,5-14
6,4,2026,5532,ALL,ALL,FEMALE,65+
6,4,2026,3847,ALL,ALL,MALE,65+
6,5,2026,2263,ALL,ALL,FEMALE,0-4
6,5,2026,2385,ALL,ALL,MALE,0-4
6,5,2026,21624,ALL,ALL,FEMALE,15-44
6,5,2026,21788,ALL,ALL,MALE,15-44
6,5,2026,10644,ALL,ALL,FEMALE,45-64
6,5,2026,9006,ALL,ALL,MALE,45-64
6,5,2026,5138,ALL,ALL,FEMALE,5-14
6,5,2026,5411,ALL,ALL,MALE,5-14
6,5,2026,5481,ALL,ALL,FEMALE,65+
6,5,2026,3812,ALL,ALL,MALE,65+
6,6,2026,712,ALL,ALL,FEMALE,0-4
6,6,2026,751,ALL,ALL,MALE,0-4
6,6,2026,6807,ALL,ALL,FEMALE,15-44
6,6,2026,6859,ALL,ALL,MALE,15-44
6,6,2026,3351,ALL,ALL,FEMALE,45-64
6,6,2026,2835,ALL,ALL,MALE,45-64
6,6,2026,1618,ALL,ALL,FEMALE,5-14
6,6,2026,1703,ALL,ALL,MALE,5-14
6,6,2026,1725,ALL,ALL,FEMALE,65+
6,6,2026,1200,ALL,ALL,MALE,65+
6,7,2026,2,ALL,ALL,FEMALE,0-4
6,7,2026,2,ALL,ALL,MALE,0-4
6,7,2026,20,ALL,ALL,FEMALE,15-44
6,7,2026,20,ALL,ALL,MALE,15-44
6,7,2026,10,ALL,ALL,FEMALE,45-64
6,7,2026,8,ALL,ALL,MALE,45-64
6,7,2026,5,ALL,ALL,FEMALE,5-14
6,7,2026,5,ALL,ALL,MALE,5-14
6,7,2026,5,ALL,ALL,FEMALE,65+
6,7,2026,3,ALL,ALL,MALE,65+
7,4,2026,1786,ALL,ALL,FEMALE,0-4
7,4,2026,1883,ALL,ALL,MALE,0-4
7,4,2026,17068,ALL,ALL,FEMALE,15-44
7,4,2026,17198,ALL,ALL,MALE,15-44
7,4,2026,8402,ALL,ALL,FEMALE,45-64
7,4,2026,7108,ALL,ALL,MALE,45-64
7,4,2026,4056,ALL,ALL,FEMALE,5-14
7,4,2026,4271,ALL,ALL,MALE,5-14
7,4,2026,4326,ALL,ALL,FEMALE,65+
7,4,2026,3009,ALL,ALL,MALE,65+
7,5,2026,2285,ALL,ALL,FEMALE,0-4
7,5,2026,2408,ALL,ALL,MALE,0-4
7,5,2026,21828,ALL,ALL,FEMALE,15-44
7,5,2026,21993,ALL,ALL,MALE,15-44
7,5,2026,10744,ALL,ALL,FEMALE,45-64
7,5,2026,9090,ALL,ALL,MALE,45-64
7,5,2026,5187,ALL,ALL,FEMALE,5-14
7,5,2026,5461,ALL,ALL,MALE,5-14
7,5,2026,5532,ALL,ALL,FEMALE,65+
7,5,2026,3848,ALL,ALL,MALE,65+
7,6,2026,2285,ALL,ALL,FEMALE,0-4
7,6,2026,2408,ALL,ALL,MALE,0-4
7,6,2026,21828,ALL,ALL,FEMALE,15-44
7,6,2026,21993,ALL,ALL,MALE,15-44
7,6,2026,10744,ALL,ALL,FEMALE,45-64
7,6,2026,9091,ALL,ALL,MALE,45-64
7,6,2026,5187,ALL,ALL,FEMALE,5-14
7,6,2026,5461,ALL,ALL,MALE,5-14
7,6,2026,5532,ALL,ALL,FEMALE,65+
7,6,2026,3848,ALL,ALL,MALE,65+
7,7,2026,739,ALL,ALL,FEMALE,0-4
7,7,2026,779,ALL,ALL,MALE,0-4
7,7,2026,7066,ALL,ALL,FEMALE,15-44
7,7,2026,7119,ALL,ALL,MALE,15-44
7,7,2026,3478,ALL,ALL,FEMALE,45-64
7,7,2026,2943,ALL,ALL,MALE,45-64
7,7,2026,1679,ALL,ALL,FEMALE,5-14
7,7,2026,1768,ALL,ALL,MALE,5-14
7,7,2026,1791,ALL,ALL,FEMALE,65+
7,7,2026,1245,ALL,ALL,MALE,65+
8,4,2026,1264,ALL,ALL,FEMALE,0-4
8,4,2026,1332,ALL,ALL,MALE,0-4
8,4,2026,12078,ALL,ALL,FEMALE,15-44
8,4,2026,12170,ALL,ALL,MALE,15-44
8,4,2026,5945,ALL,ALL,FEMALE,45-64
8,4,2026,5030,ALL,ALL,MALE,45-64
8,4,2026,2870,ALL,ALL,FEMALE,5-14
8,4,2026,3022,ALL,ALL,MALE,5-14
8,4,2026,3061,ALL,ALL,FEMALE,65+
8,4,2026,2129,ALL,ALL,MALE,65+
8,5,2026,2285,ALL,ALL,FEMALE,0-4
8,5,2026,2408,ALL,ALL,MALE,0-4
8,5,2026,21828,ALL,ALL,FEMALE,15-44
8,5,2026,21993,ALL,ALL,MALE,15-44
8,5,2026,10744,ALL,ALL,FEMALE,45-64
8,5,2026,9090,ALL,ALL,MALE,45-64
8,5,2026,5187,ALL,ALL,FEMALE,5-14
8,5,2026,5461,ALL,ALL,MALE,5-14
8,5,2026,5532,ALL,ALL,FEMALE,65+
8,5,2026,3848,ALL,ALL,MALE,65+
8,6,2026,2285,ALL,ALL,FEMALE,0-4
8,6,2026,2408,ALL,ALL,MALE,0-4
8,6,2026,21828,ALL,ALL,FEMALE,15-44
8,6,2026,21993,ALL,ALL,MALE,15-44
8,6,2026,10744,ALL,ALL,FEMALE,45-64
8,6,2026,9091,ALL,ALL,MALE,45-64
8,6,2026,5187,ALL,ALL,FEMALE,5-14
8,6,2026,5461,ALL,ALL,MALE,5-14
8,6,2026,5532,ALL,ALL,FEMALE,65+
8,6,2026,3848,ALL,ALL,MALE,65+
8,7,2026,1994,ALL,ALL,FEMALE,0-4
8,7,2026,2102,ALL,ALL,MALE,0-4
8,7,2026,19054,ALL,ALL,FEMALE,15-44
8,7,2026,19199,ALL,ALL,MALE,15-44
8,7,2026,9379,ALL,ALL,FEMALE,45-64
8,7,2026,7936,ALL,ALL,MALE,45-64
8,7,2026,4528,ALL,ALL,FEMALE,5-14
8,7,2026,4768,ALL,ALL,MALE,5-14
8,7,2026,4829,ALL,ALL,FEMALE,65+
8,7,2026,3359,ALL,ALL,MALE,65+
8,8,2026,268,ALL,ALL,FEMALE,0-4
8,8,2026,283,ALL,ALL,MALE,0-4
8,8,2026,2566,ALL,ALL,FEMALE,15-44
8,8,2026,2586,ALL,ALL,MALE,15-44
8,8,2026,1264,ALL,ALL,FEMALE,45-64
8,8,2026,1069,ALL,ALL,MALE,45-64
8,8,2026,610,ALL,ALL,FEMALE,5-14
8,8,2026,642,ALL,ALL,MALE,5-14
8,8,2026,651,ALL,ALL,FEMALE,65+
8,8,2026,452,ALL,ALL,MALE,65+
9,4,2026,1267,ALL,ALL,FEMALE,0-4
9,4,2026,1335,ALL,ALL,MALE,0-4
9,4,2026,12106,ALL,ALL,FEMALE,15-44
9,4,2026,12198,ALL,ALL,MALE,15-44
9,4,2026,5959,ALL,ALL,FEMALE,45-64
9,4,2026,5042,ALL,ALL,MALE,45-64
9,4,2026,2877,ALL,ALL,FEMALE,5-14
9,4,2026,3029,ALL,ALL,MALE,5-14
9,4,2026,3068,ALL,ALL,FEMALE,65+
9,4,2026,2134,ALL,ALL,MALE,65+
9,5,2026,2285,ALL,ALL,FEMALE,0-4
9,5,2026,2408,ALL,ALL,MALE,0-4
9,5,2026,21828,ALL,ALL,FEMALE,15-44
9,5,2026,21993,ALL,ALL,MALE,15-44
9,5,2026,10744,ALL,ALL,FEMALE,45-64
9,5,2026,9090,ALL,ALL,MALE,45-64
9,5,2026,5187,ALL,ALL,FEMALE,5-14
9,5,2026,5461,ALL,ALL,MALE,5-14
9,5,2026,5532,ALL,ALL,FEMALE,65+
9,5,2026,3848,ALL,ALL,MALE,65+
9,6,2026,2285,ALL,ALL,FEMALE,0-4
9,6,2026,2408,ALL,ALL,MALE,0-4
9,6,2026,21828,ALL,ALL,FEMALE,15-44
9,6,2026,21993,ALL,ALL,MALE,15-44
9,6,2026,10744,ALL,ALL,FEMALE,45-64
9,6,2026,9090,ALL,ALL,MALE,45-64
9,6,2026,5187,ALL,ALL,FEMALE,5-14
9,6,2026,5461,ALL,ALL,MALE,5-14
9,6,2026,5532,ALL,ALL,FEMALE,65+
9,6,2026,3848,ALL,ALL,MALE,65+
9,7,2026,2285,ALL,ALL,FEMALE,0-4
9,7,2026,2408,ALL,ALL,MALE,0-4
9,7,2026,21828,ALL,ALL,FEMALE,15-44
9,7,2026,21993,ALL,ALL,MALE,15-44
9,7,2026,10744,ALL,ALL,FEMALE,45-64
9,7,2026,9090,ALL,ALL,MALE,45-64
9,7,2026,5187,ALL,ALL,FEMALE,5-14
9,7,2026,5461,ALL,ALL,MALE,5-14
9,7,2026,5532,ALL,ALL,FEMALE,65+
9,7,2026,3848,ALL,ALL,MALE,65+
9,8,2026,1502,ALL,ALL,FEMALE,0-4
9,8,2026,1583,ALL,ALL,MALE,0-4
9,8,2026,14350,ALL,ALL,FEMALE,15-44
9,8,2026,14459,ALL,ALL,MALE,15-44
9,8,2026,7064,ALL,ALL,FEMALE,45-64
9,8,2026,5976,ALL,ALL,MALE,45-64
9,8,2026,3410,ALL,ALL,FEMALE,5-14
9,8,2026,3591,ALL,ALL,MALE,5-14
9,8,2026,3637,ALL,ALL,FEMALE,65+
9,8,2026,2529,ALL,ALL,MALE,65+
10,3,2026,131,ALL,ALL,FEMALE,0-4
10,3,2026,138,ALL,ALL,MALE,0-4
10,3,2026,1248,ALL,ALL,FEMALE,15-44
10,3,2026,1258,ALL,ALL,MALE,15-44
10,3,2026,615,ALL,ALL,FEMALE,45-64
10,3,2026,520,ALL,ALL,MALE,45-64
10,3,2026,297,ALL,ALL,FEMALE,5-14
10,3,2026,313,ALL,ALL,MALE,5-14
10,3,2026,317,ALL,ALL,FEMALE,65+
10,3,2026,220,ALL,ALL,MALE,65+
10,4,2026,2138,ALL,ALL,FEMALE,0-4
10,4,2026,2253,ALL,ALL,MALE,0-4
10,4,2026,20428,ALL,ALL,FEMALE,15-44
10,4,2026,20583,ALL,ALL,MALE,15-44
10,4,2026,10056,ALL,ALL,FEMALE,45-64
10,4,2026,8508,ALL,ALL,MALE,45-64
10,4,2026,4854,ALL,ALL,FEMALE,5-14
10,4,2026,5111,ALL,ALL,MALE,5-14
10,4,2026,5178,ALL,ALL,FEMALE,65+
10,4,2026,3601,ALL,ALL,MALE,65+
10,5,2026,2285,ALL,ALL,FEMALE,0-4
10,5,2026,2408,ALL,ALL,MALE,0-4
10,5,2026,21828,ALL,ALL,FEMALE,15-44
10,5,2026,21993,ALL,ALL,MALE,15-44
10,5,2026,10744,ALL,ALL,FEMALE,45-64
10,5,2026,9090,ALL,ALL,MALE,45-64
10,5,2026,5187,ALL,ALL,FEMALE,5-14
10,5,2026,5462,ALL,ALL,MALE,5-14
10,5,2026,5532,ALL,ALL,FEMALE,65+
10,5,2026,3848,ALL,ALL,MALE,65+
10,6,2026,2285,ALL,ALL,FEMALE,0-4
10,6,2026,2408,ALL,ALL,MALE,0-4
10,6,2026,21828,ALL,ALL,FEMALE,15-44
10,6,2026,21993,ALL,ALL,MALE,15-44
10,6,2026,10744,ALL,ALL,FEMALE,45-64
10,6,2026,9091,ALL,ALL,MALE,45-64
10,6,2026,5187,ALL,ALL,FEMALE,5-14
10,6,2026,5461,ALL,ALL,MALE,5-14
10,6,2026,5532,ALL,ALL,FEMALE,65+
10,6,2026,3848,ALL,ALL,MALE,65+
10,7,2026,2285,ALL,ALL,FEMALE,0-4
10,7,2026,2408,ALL,ALL,MALE,0-4
10,7,2026,21828,ALL,ALL,FEMALE,15-44
10,7,2026,21993,ALL,ALL,MALE,15-44
10,7,2026,10744,ALL,ALL,FEMALE,45-64
10,7,2026,9090,ALL,ALL,MALE,45-64
10,7,2026,5187,ALL,ALL,FEMALE,5-14
10,7,2026,5461,ALL,ALL,MALE,5-14
10,7,2026,5532,ALL,ALL,FEMALE,65+
10,7,2026,3848,ALL,ALL,MALE,65+
10,8,2026,2276,ALL,ALL,FEMALE,0-4
10,8,2026,2399,ALL,ALL,MALE,0-4
10,8,2026,21747,ALL,ALL,FEMALE,15-44
10,8,2026,21912,ALL,ALL,MALE,15-44
10,8,2026,10705,ALL,ALL,FEMALE,45-64
10,8,2026,9057,ALL,ALL,MALE,45-64
10,8,2026,5167,ALL,ALL,FEMALE,5-14
10,8,2026,5441,ALL,ALL,MALE,5-14
10,8,2026,5512,ALL,ALL,FEMALE,65+
10,8,2026,3833,ALL,ALL,MALE,65+
10,9,2026,320,ALL,ALL,FEMALE,0-4
10,9,2026,337,ALL,ALL,MALE,0-4
10,9,2026,3058,ALL,ALL,FEMALE,15-44
10,9,2026,3081,ALL,ALL,MALE,15-44
10,9,2026,1505,ALL,ALL,FEMALE,45-64
10,9,2026,1274,ALL,ALL,MALE,45-64
10,9,2026,727,ALL,ALL,FEMALE,5-14
10,9,2026,765,ALL,ALL,MALE,5-14
10,9,2026,775,ALL,ALL,FEMALE,65+
10,9,2026,539,ALL,ALL,MALE,65+
11,4,2026,1843,ALL,ALL,FEMALE,0-4
11,4,2026,1942,ALL,ALL,MALE,0-4
11,4,2026,17611,ALL,ALL,FEMALE,15-44
11,4,2026,17745,ALL,ALL,MALE,15-44
11,4,2026,8669,ALL,ALL,FEMALE,45-64
11,4,2026,7335,ALL,ALL,MALE,45-64
11,4,2026,4185,ALL,ALL,FEMALE,5-14
11,4,2026,4407,ALL,ALL,MALE,5-14
11,4,2026,4464,ALL,ALL,FEMALE,65+
11,4,2026,3104,ALL,ALL,MALE,65+
11,5,2026,2285,ALL,ALL,FEMALE,0-4
11,5,2026,2408,ALL,ALL,MALE,0-4
11,5,2026,21828,ALL,ALL,FEMALE,15-44
11,5,2026,21993,ALL,ALL,MALE,15-44
11,5,2026,10744,ALL,ALL,FEMALE,45-64
11,5,2026,9091,ALL,ALL,MALE,45-64
11,5,2026,5187,ALL,ALL,FEMALE,5-14
11,5,2026,5461,ALL,ALL,MALE,5-14
11,5,2026,5532,ALL,ALL,FEMALE,65+
11,5,2026,3848,ALL,ALL,MALE,65+
11,6,2026,2285,ALL,ALL,FEMALE,0-4
11,6,2026,2408,ALL,ALL,MALE,0-4
11,6,2026,21828,ALL,ALL,FEMALE,15-44
11,6,2026,21993,ALL,ALL,MALE,15-44
11,6,2026,10744,ALL,ALL,FEMALE,45-64
11,6,2026,9090,ALL,ALL,MALE,45-64
11,6,2026,5187,ALL,ALL,FEMALE,5-14
11,6,2026,5461,ALL,ALL,MALE,5-14
11,6,2026,5532,ALL,ALL,FEMALE,65+
11,6,2026,3848,ALL,ALL,MALE,65+
11,7,2026,2285,ALL,ALL,FEMALE,0-4
11,7,2026,2408,ALL,ALL,MALE,0-4
11,7,2026,21828,ALL,ALL,FEMALE,15-44
11,7,2026,21993,ALL,ALL,MALE,15-44
11,7,2026,10744,ALL,ALL,FEMALE,45-64
11,7,2026,9090,ALL,ALL,MALE,45-64
11,7,2026,5187,ALL,ALL,FEMALE,5-14
11,7,2026,5461,ALL,ALL,MALE,5-14
11,7,2026,5532,ALL,ALL,FEMALE,65+
11,7,2026,3848,ALL,ALL,MALE,65+
11,8,2026,2285,ALL,ALL,FEMALE,0-4
11,8,2026,2408,ALL,ALL,MALE,0-4
11,8,2026,21828,ALL,ALL,FEMALE,15-44
11,8,2026,21993,ALL,ALL,MALE,15-44
11,8,2026,10744,ALL,ALL,FEMALE,45-64
11,8,2026,9090,ALL,ALL,MALE,45-64
11,8,2026,5187,ALL,ALL,FEMALE,5-14
11,8,2026,5461,ALL,ALL,MALE,5-14
11,8,2026,5532,ALL,ALL,FEMALE,65+
11,8,2026,3848,ALL,ALL,MALE,65+
11,9,2026,1923,ALL,ALL,FEMALE,0-4
11,9,2026,2026,ALL,ALL,MALE,0-4
11,9,2026,18371,ALL,ALL,FEMALE,15-44
11,9,2026,18511,ALL,ALL,MALE,15-44
11,9,2026,9043,ALL,ALL,FEMALE,45-64
11,9,2026,7651,ALL,ALL,MALE,45-64
11,9,2026,4365,ALL,ALL,FEMALE,5-14
11,9,2026,4597,ALL,ALL,MALE,5-14
11,9,2026,4656,ALL,ALL,FEMALE,65+
11,9,2026,3238,ALL,ALL,MALE,65+
11,10,2026,1422,ALL,ALL,FEMALE,0-4
11,10,2026,1498,ALL,ALL,MALE,0-4
11,10,2026,13584,ALL,ALL,FEMALE,15-44
11,10,2026,13687,ALL,ALL,MALE,15-44
11,10,2026,6687,ALL,ALL,FEMALE,45-64
11,10,2026,5657,ALL,ALL,MALE,45-64
11,10,2026,3228,ALL,ALL,FEMALE,5-14
11,10,2026,3399,ALL,ALL,MALE,5-14
11,10,2026,3443,ALL,ALL,FEMALE,65+
11,10,2026,2394,ALL,ALL,MALE,65+
11,11,2026,1185,ALL,ALL,FEMALE,0-4
11,11,2026,1249,ALL,ALL,MALE,0-4
11,11,2026,11320,ALL,ALL,FEMALE,15-44
11,11,2026,11406,ALL,ALL,MALE,15-44
11,11,2026,5572,ALL,ALL,FEMALE,45-64
11,11,2026,4715,ALL,ALL,MALE,45-64
11,11,2026,2690,ALL,ALL,FEMALE,5-14
11,11,2026,2833,ALL,ALL,MALE,5-14
11,11,2026,2869,ALL,ALL,FEMALE,65+
11,11,2026,1995,ALL,ALL,MALE,65+
11,12,2026,592,ALL,ALL,FEMALE,0-4
11,12,2026,624,ALL,ALL,MALE,0-4
11,12,2026,5661,ALL,ALL,FEMALE,15-44
11,12,2026,5704,ALL,ALL,MALE,15-44
11,12,2026,2787,ALL,ALL,FEMALE,45-64
11,12,2026,2358,ALL,ALL,MALE,45-64
11,12,2026,1345,ALL,ALL,FEMALE,5-14
11,12,2026,1417,ALL,ALL,MALE,5-14
11,12,2026,1435,ALL,ALL,FEMALE,65+
11,12,2026,998,ALL,ALL,MALE,65+
12,4,2026,1698,ALL,ALL,FEMALE,0-4
12,4,2026,1789,ALL,ALL,MALE,0-4
12,4,2026,16222,ALL,ALL,FEMALE,15-44
12,4,2026,16345,ALL,ALL,MALE,15-44
12,4,2026,7985,ALL,ALL,FEMALE,45-64
12,4,2026,6756,ALL,ALL,MALE,45-64
12,4,2026,3855,ALL,ALL,FEMALE,5-14
12,4,2026,4059,ALL,ALL,MALE,5-14
12,4,2026,4111,ALL,ALL,FEMALE,65+
12,4,2026,2859,ALL,ALL,MALE,65+
12,5,2026,2285,ALL,ALL,FEMALE,0-4
12,5,2026,2408,ALL,ALL,MALE,0-4
12,5,2026,21828,ALL,ALL,FEMALE,15-44
12,5,2026,21993,ALL,ALL,MALE,15-44
12,5,2026,10744,ALL,ALL,FEMALE,45-64
12,5,2026,9091,ALL,ALL,MALE,45-64
12,5,2026,5187,ALL,ALL,FEMALE,5-14
12,5,2026,5461,ALL,ALL,MALE,5-14
12,5,2026,5532,ALL,ALL,FEMALE,65+
12,5,2026,3848,ALL,ALL,MALE,65+
12,6,2026,2285,ALL,ALL,FEMALE,0-4
12,6,2026,2408,ALL,ALL,MALE,0-4
12,6,2026,21828,ALL,ALL,FEMALE,15-44
12,6,2026,21993,ALL,ALL,MALE,15-44
12,6,2026,10744,ALL,ALL,FEMALE,45-64
12,6,2026,9090,ALL,ALL,MALE,45-64
12,6,2026,5187,ALL,ALL,FEMALE,5-14
12,6,2026,5461,ALL,ALL,MALE,5-14
12,6,2026,5532,ALL,ALL,FEMALE,65+
12,6,2026,3848,ALL,ALL,MALE,65+
12,7,2026,2285,ALL,ALL,FEMALE,0-4
12,7,2026,2408,ALL,ALL,MALE,0-4
12,7,2026,21828,ALL,ALL,FEMALE,15-44
12,7,2026,21993,ALL,ALL,MALE,15-44
12,7,2026,10744,ALL,ALL,FEMALE,45-64
12,7,2026,9090,ALL,ALL,MALE,45-64
12,7,2026,5187,ALL,ALL,FEMALE,5-14
12,7,2026,5462,ALL,ALL,MALE,5-14
12,7,2026,5532,ALL,ALL,FEMALE,65+
12,7,2026,3848,ALL,ALL,MALE,65+
12,8,2026,2285,ALL,ALL,FEMALE,0-4
12,8,2026,2408,ALL,ALL,MALE,0-4
12,8,2026,21828,ALL,ALL,FEMALE,15-44
12,8,2026,21993,ALL,ALL,MALE,15-44
12,8,2026,10744,ALL,ALL,FEMALE,45-64
12,8,2026,9090,ALL,ALL,MALE,45-64
12,8,2026,5186,ALL,ALL,FEMALE,5-14
12,8,2026,5461,ALL,ALL,MALE,5-14
12,8,2026,5532,ALL,ALL,FEMALE,65+
12,8,2026,3848,ALL,ALL,MALE,65+
12,9,2026,2285,ALL,ALL,FEMALE,0-4
12,9,2026,2408,ALL,ALL,MALE,0-4
12,9,2026,21828,ALL,ALL,FEMALE,15-44
12,9,2026,21993,ALL,ALL,MALE,15-44
12,9,2026,10744,ALL,ALL,FEMALE,45-64
12,9,2026,9090,ALL,ALL,MALE,45-64
12,9,2026,5186,ALL,ALL,FEMALE,5-14
12,9,2026,5461,ALL,ALL,MALE,5-14
12,9,2026,5532,ALL,ALL,FEMALE,65+
12,9,2026,3848,ALL,ALL,MALE,65+
12,10,2026,2285,ALL,ALL,FEMALE,0-4
12,10,2026,2408,ALL,ALL,MALE,0-4
12,10,2026,21828,ALL,ALL,FEMALE,15-44
12,10,2026,21993,ALL,ALL,MALE,15-44
12,10,2026,10744,ALL,ALL,FEMALE,45-64
12,10,2026,9090,ALL,ALL,MALE,45-64
12,10,2026,5187,ALL,ALL,FEMALE,5-14
12,10,2026,5461,ALL,ALL,MALE,5-14
12,10,2026,5532,ALL,ALL,FEMALE,65+
12,10,2026,3848,ALL,ALL,MALE,65+
12,11,2026,2285,ALL,ALL,FEMALE,0-4
12,11,2026,2408,ALL,ALL,MALE,0-4
12,11,2026,21828,ALL,ALL,FEMALE,15-44
12,11,2026,21993,ALL,ALL,MALE,15-44
12,11,2026,10744,ALL,ALL,FEMALE,45-64
12,11,2026,9091,ALL,ALL,MALE,45-64
12,11,2026,5186,ALL,ALL,FEMALE,5-14
12,11,2026,5461,ALL,ALL,MALE,5-14
12,11,2026,5532,ALL,ALL,FEMALE,65+
12,11,2026,3848,ALL,ALL,MALE,65+
12,12,2026,1930,ALL,ALL,FEMALE,0-4
12,12,2026,2034,ALL,ALL,MALE,0-4
12,12,2026,18440,ALL,ALL,FEMALE,15-44
12,12,2026,18580,ALL,ALL,MALE,15-44
12,12,2026,9077,ALL,ALL,FEMALE,45-64
12,12,2026,7680,ALL,ALL,MALE,45-64
12,12,2026,4382,ALL,ALL,FEMALE,5-14
12,12,2026,4614,ALL,ALL,MALE,5-14
12,12,2026,4674,ALL,ALL,FEMALE,65+
12,12,2026,3250,ALL,ALL,MALE,65+
12,13,2026,3,ALL,ALL,FEMALE,0-4
12,13,2026,3,ALL,ALL,MALE,0-4
12,13,2026,27,ALL,ALL,FEMALE,15-44
12,13,2026,27,ALL,ALL,MALE,15-44
12,13,2026,14,ALL,ALL,FEMALE,45-64
12,13,2026,11,ALL,ALL,MALE,45-64
12,13,2026,6,ALL,ALL,FEMALE,5-14
12,13,2026,7,ALL,ALL,MALE,5-14
12,13,2026,7,ALL,ALL,FEMALE,65+
12,13,2026,5,ALL,ALL,MALE,65+
13,4,2026,710,ALL,ALL,FEMALE,0-4
13,4,2026,749,ALL,ALL,MALE,0-4
13,4,2026,6787,ALL,ALL,FEMALE,15-44
13,4,2026,6839,ALL,ALL,MALE,15-44
13,4,2026,3341,ALL,ALL,FEMALE,45-64
13,4,2026,2827,ALL,ALL,MALE,45-64
13,4,2026,1613,ALL,ALL,FEMALE,5-14
13,4,2026,1698,ALL,ALL,MALE,5-14
13,4,2026,1720,ALL,ALL,FEMALE,65+
13,4,2026,1196,ALL,ALL,MALE,65+
13,5,2026,2285,ALL,ALL,FEMALE,0-4
13,5,2026,2408,ALL,ALL,MALE,0-4
13,5,2026,21828,ALL,ALL,FEMALE,15-44
13,5,2026,21993,ALL,ALL,MALE,15-44
13,5,2026,10744,ALL,ALL,FEMALE,45-64
13,5,2026,9091,ALL,ALL,MALE,45-64
13,5,2026,5187,ALL,ALL,FEMALE,5-14
13,5,2026,5461,ALL,ALL,MALE,5-14
13,5,2026,5532,ALL,ALL,FEMALE,65+
13,5,2026,3848,ALL,ALL,MALE,65+
13,6,2026,2285,ALL,ALL,FEMALE,0-4
13,6,2026,2408,ALL,ALL,MALE,0-4
13,6,2026,21828,ALL,ALL,FEMALE,15-44
13,6,2026,21993,ALL,ALL,MALE,15-44
13,6,2026,10744,ALL,ALL,FEMALE,45-64
13,6,2026,9091,ALL,ALL,MALE,45-64
13,6,2026,5187,ALL,ALL,FEMALE,5-14
13,6,2026,5461,ALL,ALL,MALE,5-14
13,6,2026,5532,ALL,ALL,FEMALE,65+
13,6,2026,3848,ALL,ALL,MALE,65+
13,7,2026,2285,ALL,ALL,FEMALE,0-4
13,7,2026,2408,ALL,ALL,MALE,0-4
13,7,2026,21828,ALL,ALL,FEMALE,15-44
13,7,2026,21993,ALL,ALL,MALE,15-44
13,7,2026,10744,ALL,ALL,FEMALE,45-64
13,7,2026,9090,ALL,ALL,MALE,45-64
13,7,2026,5187,ALL,ALL,FEMALE,5-14
13,7,2026,5461,ALL,ALL,MALE,5-14
13,7,2026,5532,ALL,ALL,FEMALE,65+
13,7,2026,3848,ALL,ALL,MALE,65+
13,8,2026,2285,ALL,ALL,FEMALE,0-4
13,8,2026,2408,ALL,ALL,MALE,0-4
13,8,2026,21828,ALL,ALL,FEMALE,15-44
13,8,2026,21993,ALL,ALL,MALE,15-44
13,8,2026,10744,ALL,ALL,FEMALE,45-64
13,8,2026,9090,ALL,ALL,MALE,45-64
13,8,2026,5186,ALL,ALL,FEMALE,5-14
13,8,2026,5461,ALL,ALL,MALE,5-14
13,8,2026,5532,ALL,ALL,FEMALE,65+
13,8,2026,3848,ALL,ALL,MALE,65+
13,9,2026,2285,ALL,ALL,FEMALE,0-4
13,9,2026,2408,ALL,ALL,MALE,0-4
13,9,2026,21828,ALL,ALL,FEMALE,15-44
13,9,2026,21993,ALL,ALL,MALE,15-44
13,9,2026,10744,ALL,ALL,FEMALE,45-64
13,9,2026,9091,ALL,ALL,MALE,45-64
13,9,2026,5187,ALL,ALL,FEMALE,5-14
13,9,2026,5461,ALL,ALL,MALE,5-14
13,9,2026,5532,ALL,ALL,FEMALE,65+
13,9,2026,3848,ALL,ALL,MALE,65+
13,10,2026,2285,ALL,ALL,FEMALE,0-4
13,10,2026,2408,ALL,ALL,MALE,0-4
13,10,2026,21828,ALL,ALL,FEMALE,15-44
13,10,2026,21993,ALL,ALL,MALE,15-44
13,10,2026,10744,ALL,ALL,FEMALE,45-64
13,10,2026,9090,ALL,ALL,MALE,45-64
13,10,2026,5187,ALL,ALL,FEMALE,5-14
13,10,2026,5461,ALL,ALL,MALE,5-14
13,10,2026,5532,ALL,ALL,FEMALE,65+
13,10,2026,3848,ALL,ALL,MALE,65+
13,11,2026,2285,ALL,ALL,FEMALE,0-4
13,11,2026,2408,ALL,ALL,MALE,0-4
13,11,2026,21828,ALL,ALL,FEMALE,15-44
13,11,2026,21993,ALL,ALL,MALE,15-44
13,11,2026,10744,ALL,ALL,FEMALE,45-64
13,11,2026,9091,ALL,ALL,MALE,45-64
13,11,2026,5187,ALL,ALL,FEMALE,5-14
13,11,2026,5462,ALL,ALL,MALE,5-14
13,11,2026,5532,ALL,ALL,FEMALE,65+
13,11,2026,3848,ALL,ALL,MALE,65+
13,12,2026,2071,ALL,ALL,FEMALE,0-4
13,12,2026,2182,ALL,ALL,MALE,0-4
13,12,2026,19783,ALL,ALL,FEMALE,15-44
13,12,2026,19933,ALL,ALL,MALE,15-44
13,12,2026,9738,ALL,ALL,FEMALE,45-64
13,12,2026,8239,ALL,ALL,MALE,45-64
13,12,2026,4701,ALL,ALL,FEMALE,5-14
13,12,2026,4950,ALL,ALL,MALE,5-14
13,12,2026,5014,ALL,ALL,FEMALE,65+
13,12,2026,3487,ALL,ALL,MALE,65+
13,13,2026,15,ALL,ALL,FEMALE,0-4
13,13,2026,16,ALL,ALL,MALE,0-4
13,13,2026,145,ALL,ALL,FEMALE,15-44
13,13,2026,146,ALL,ALL,MALE,15-44
13,13,2026,71,ALL,ALL,FEMALE,45-64
13,13,2026,60,ALL,ALL,MALE,45-64
13,13,2026,34,ALL,ALL,FEMALE,5-14
13,13,2026,36,ALL,ALL,MALE,5-14
13,13,2026,37,ALL,ALL,FEMALE,65+
13,13,2026,25,ALL,ALL,MALE,65+
14,4,2026,153,ALL,ALL,FEMALE,0-4
14,4,2026,161,ALL,ALL,MALE,0-4
14,4,2026,1462,ALL,ALL,FEMALE,15-44
14,4,2026,1474,ALL,ALL,MALE,15-44
14,4,2026,720,ALL,ALL,FEMALE,45-64
14,4,2026,609,ALL,ALL,MALE,45-64
14,4,2026,348,ALL,ALL,FEMALE,5-14
14,4,2026,366,ALL,ALL,MALE,5-14
14,4,2026,371,ALL,ALL,FEMALE,65+
14,4,2026,258,ALL,ALL,MALE,65+
14,5,2026,2176,ALL,ALL,FEMALE,0-4
14,5,2026,2293,ALL,ALL,MALE,0-4
14,5,2026,20792,ALL,ALL,FEMALE,15-44
14,5,2026,20950,ALL,ALL,MALE,15-44
14,5,2026,10235,ALL,ALL,FEMALE,45-64
14,5,2026,8659,ALL,ALL,MALE,45-64
14,5,2026,4940,ALL,ALL,FEMALE,5-14
14,5,2026,5202,ALL,ALL,MALE,5-14
14,5,2026,5270,ALL,ALL,FEMALE,65+
14,5,2026,3665,ALL,ALL,MALE,65+
14,6,2026,1979,ALL,ALL,FEMALE,0-4
14,6,2026,2086,ALL,ALL,MALE,0-4
14,6,2026,18910,ALL,ALL,FEMALE,15-44
14,6,2026,19054,ALL,ALL,MALE,15-44
14,6,2026,9309,ALL,ALL,FEMALE,45-64
14,6,2026,7876,ALL,ALL,MALE,45-64
14,6,2026,4493,ALL,ALL,FEMALE,5-14
14,6,2026,4732,ALL,ALL,MALE,5-14
14,6,2026,4793,ALL,ALL,FEMALE,65+
14,6,2026,3333,ALL,ALL,MALE,65+
14,7,2026,1182,ALL,ALL,FEMALE,0-4
14,7,2026,1246,ALL,ALL,MALE,0-4
14,7,2026,11298,ALL,ALL,FEMALE,15-44
14,7,2026,11384,ALL,ALL,MALE,15-44
14,7,2026,5561,ALL,ALL,FEMALE,45-64
14,7,2026,4705,ALL,ALL,MALE,45-64
14,7,2026,2685,ALL,ALL,FEMALE,5-14
14,7,2026,2827,ALL,ALL,MALE,5-14
14,7,2026,2863,ALL,ALL,FEMALE,65+
14,7,2026,1991,ALL,ALL,MALE,65+
14,8,2026,1682,ALL,ALL,FEMALE,0-4
14,8,2026,1772,ALL,ALL,MALE,0-4
14,8,2026,16067,ALL,ALL,FEMALE,15-44
14,8,2026,16189,ALL,ALL,MALE,15-44
14,8,2026,7909,ALL,ALL,FEMALE,45-64
14,8,2026,6691,ALL,ALL,MALE,45-64
14,8,2026,3818,ALL,ALL,FEMALE,5-14
14,8,2026,4020,ALL,ALL,MALE,5-14
14,8,2026,4072,ALL,ALL,FEMALE,65+
14,8,2026,2832,ALL,ALL,MALE,65+
14,9,2026,2285,ALL,ALL,FEMALE,0-4
14,9,2026,2408,ALL,ALL,MALE,0-4
14,9,2026,21828,ALL,ALL,FEMALE,15-44
14,9,2026,21993,ALL,ALL,MALE,15-44
14,9,2026,10744,ALL,ALL,FEMALE,45-64
14,9,2026,9090,ALL,ALL,MALE,45-64
14,9,2026,5186,ALL,ALL,FEMALE,5-14
14,9,2026,5461,ALL,ALL,MALE,5-14
14,9,2026,5532,ALL,ALL,FEMALE,65+
14,9,2026,3848,ALL,ALL,MALE,65+
14,10,2026,2285,ALL,ALL,FEMALE,0-4
14,10,2026,2408,ALL,ALL,MALE,0-4
14,10,2026,21828,ALL,ALL,FEMALE,15-44
14,10,2026,21993,ALL,ALL,MALE,15-44
14,10,2026,10744,ALL,ALL,FEMALE,45-64
14,10,2026,9090,ALL,ALL,MALE,45-64
14,10,2026,5186,ALL,ALL,FEMALE,5-14
14,10,2026,5461,ALL,ALL,MALE,5-14
14,10,2026,5532,ALL,ALL,FEMALE,65+
14,10,2026,3848,ALL,ALL,MALE,65+
14,11,2026,2285,ALL,ALL,FEMALE,0-4
14,11,2026,2408,ALL,ALL,MALE,0-4
14,11,2026,21828,ALL,ALL,FEMALE,15-44
14,11,2026,21993,ALL,ALL,MALE,15-44
14,11,2026,10744,ALL,ALL,FEMALE,45-64
14,11,2026,9091,ALL,ALL,MALE,45-64
14,11,2026,5187,ALL,ALL,FEMALE,5-14
14,11,2026,5462,ALL,ALL,MALE,5-14
14,11,2026,5532,ALL,ALL,FEMALE,65+
14,11,2026,3848,ALL,ALL,MALE,65+
14,12,2026,2139,ALL,ALL,FEMALE,0-4
14,12,2026,2254,ALL,ALL,MALE,0-4
14,12,2026,20440,ALL,ALL,FEMALE,15-44
14,12,2026,20595,ALL,ALL,MALE,15-44
14,12,2026,10061,ALL,ALL,FEMALE,45-64
14,12,2026,8512,ALL,ALL,MALE,45-64
14,12,2026,4857,ALL,ALL,FEMALE,5-14
14,12,2026,5114,ALL,ALL,MALE,5-14
14,12,2026,5180,ALL,ALL,FEMALE,65+
14,12,2026,3603,ALL,ALL,MALE,65+
14,13,2026,777,ALL,ALL,FEMALE,0-4
14,13,2026,819,ALL,ALL,MALE,0-4
14,13,2026,7424,ALL,ALL,FEMALE,15-44
14,13,2026,7481,ALL,ALL,MALE,15-44
14,13,2026,3655,ALL,ALL,FEMALE,45-64
14,13,2026,3092,ALL,ALL,MALE,45-64
14,13,2026,1764,ALL,ALL,FEMALE,5-14
14,13,2026,1858,ALL,ALL,MALE,5-14
14,13,2026,1882,ALL,ALL,FEMALE,65+
14,13,2026,1309,ALL,ALL,MALE,65+
14,14,2026,1,ALL,ALL,FEMALE,0-4
14,14,2026,1,ALL,ALL,MALE,0-4
14,14,2026,8,ALL,ALL,FEMALE,15-44
14,14,2026,8,ALL,ALL,MALE,15-44
14,14,2026,4,ALL,ALL,FEMALE,45-64
14,14,2026,4,ALL,ALL,MALE,45-64
14,14,2026,2,ALL,ALL,FEMALE,5-14
14,14,2026,2,ALL,ALL,MALE,5-14
14,14,2026,2,ALL,ALL,FEMALE,65+
14,14,2026,1,ALL,ALL,MALE,65+
15,5,2026,837,ALL,ALL,FEMALE,0-4
15,5,2026,882,ALL,ALL,MALE,0-4
15,5,2026,7996,ALL,ALL,FEMALE,15-44
15,5,2026,8057,ALL,ALL,MALE,15-44
15,5,2026,3936,ALL,ALL,FEMALE,45-64
15,5,2026,3330,ALL,ALL,MALE,45-64
15,5,2026,1900,ALL,ALL,FEMALE,5-14
15,5,2026,2001,ALL,ALL,MALE,5-14
15,5,2026,2027,ALL,ALL,FEMALE,65+
15,5,2026,1409,ALL,ALL,MALE,65+
15,6,2026,131,ALL,ALL,FEMALE,0-4
15,6,2026,138,ALL,ALL,MALE,0-4
15,6,2026,1251,ALL,ALL,FEMALE,15-44
15,6,2026,1260,ALL,ALL,MALE,15-44
15,6,2026,616,ALL,ALL,FEMALE,45-64
15,6,2026,521,ALL,ALL,MALE,45-64
15,6,2026,297,ALL,ALL,FEMALE,5-14
15,6,2026,313,ALL,ALL,MALE,5-14
15,6,2026,317,ALL,ALL,FEMALE,65+
15,6,2026,220,ALL,ALL,MALE,65+
15,8,2026,919,ALL,ALL,FEMALE,0-4
15,8,2026,969,ALL,ALL,MALE,0-4
15,8,2026,8785,ALL,ALL,FEMALE,15-44
15,8,2026,8852,ALL,ALL,MALE,15-44
15,8,2026,4325,ALL,ALL,FEMALE,45-64
15,8,2026,3659,ALL,ALL,MALE,45-64
15,8,2026,2087,ALL,ALL,FEMALE,5-14
15,8,2026,2198,ALL,ALL,MALE,5-14
15,8,2026,2227,ALL,ALL,FEMALE,65+
15,8,2026,1548,ALL,ALL,MALE,65+
15,9,2026,2285,ALL,ALL,FEMALE,0-4
15,9,2026,2408,ALL,ALL,MALE,0-4
15,9,2026,21828,ALL,ALL,FEMALE,15-44
15,9,2026,21993,ALL,ALL,MALE,15-44
15,9,2026,10744,ALL,ALL,FEMALE,45-64
15,9,2026,9090,ALL,ALL,MALE,45-64
15,9,2026,5186,ALL,ALL,FEMALE,5-14
15,9,2026,5461,ALL,ALL,MALE,5-14
15,9,2026,5532,ALL,ALL,FEMALE,65+
15,9,2026,3848,ALL,ALL,MALE,65+
15,10,2026,2285,ALL,ALL,FEMALE,0-4
15,10,2026,2408,ALL,ALL,MALE,0-4
15,10,2026,21828,ALL,ALL,FEMALE,15-44
15,10,2026,21993,ALL,ALL,MALE,15-44
15,10,2026,10744,ALL,ALL,FEMALE,45-64
15,10,2026,9091,ALL,ALL,MALE,45-64
15,10,2026,5186,ALL,ALL,FEMALE,5-14
15,10,2026,5461,ALL,ALL,MALE,5-14
15,10,2026,5532,ALL,ALL,FEMALE,65+
15,10,2026,3848,ALL,ALL,MALE,65+
15,11,2026,2285,ALL,ALL,FEMALE,0-4
15,11,2026,2408,ALL,ALL,MALE,0-4
15,11,2026,21828,ALL,ALL,FEMALE,15-44
15,11,2026,21993,ALL,ALL,MALE,15-44
15,11,2026,10744,ALL,ALL,FEMALE,45-64
15,11,2026,9091,ALL,ALL,MALE,45-64
15,11,2026,5187,ALL,ALL,FEMALE,5-14
15,11,2026,5462,ALL,ALL,MALE,5-14
15,11,2026,5532,ALL,ALL,FEMALE,65+
15,11,2026,3848,ALL,ALL,MALE,65+
15,12,2026,2284,ALL,ALL,FEMALE,0-4
15,12,2026,2407,ALL,ALL,MALE,0-4
15,12,2026,21827,ALL,ALL,FEMALE,15-44
15,12,2026,21993,ALL,ALL,MALE,15-44
15,12,2026,10744,ALL,ALL,FEMALE,45-64
15,12,2026,9090,ALL,ALL,MALE,45-64
15,12,2026,5186,ALL,ALL,FEMALE,5-14
15,12,2026,5461,ALL,ALL,MALE,5-14
15,12,2026,5532,ALL,ALL,FEMALE,65+
15,12,2026,3847,ALL,ALL,MALE,65+
15,13,2026,1848,ALL,ALL,FEMALE,0-4
15,13,2026,1948,ALL,ALL,MALE,0-4
15,13,2026,17659,ALL,ALL,FEMALE,15-44
15,13,2026,17793,ALL,ALL,MALE,15-44
15,13,2026,8693,ALL,ALL,FEMALE,45-64
15,13,2026,7355,ALL,ALL,MALE,45-64
15,13,2026,4196,ALL,ALL,FEMALE,5-14
15,13,2026,4419,ALL,ALL,MALE,5-14
15,13,2026,4476,ALL,ALL,FEMALE,65+
15,13,2026,3113,ALL,ALL,MALE,65+
15,14,2026,132,ALL,ALL,FEMALE,0-4
15,14,2026,140,ALL,ALL,MALE,0-4
15,14,2026,1266,ALL,ALL,FEMALE,15-44
15,14,2026,1276,ALL,ALL,MALE,15-44
15,14,2026,623,ALL,ALL,FEMALE,45-64
15,14,2026,527,ALL,ALL,MALE,45-64
15,14,2026,301,ALL,ALL,FEMALE,5-14
15,14,2026,317,ALL,ALL,MALE,5-14
15,14,2026,321,ALL,ALL,FEMALE,65+
15,14,2026,223,ALL,ALL,MALE,65+
16,8,2026,837,ALL,ALL,FEMALE,0-4
16,8,2026,882,ALL,ALL,MALE,0-4
16,8,2026,7998,ALL,ALL,FEMALE,15-44
16,8,2026,8059,ALL,ALL,MALE,15-44
16,8,2026,3937,ALL,ALL,FEMALE,45-64
16,8,2026,3331,ALL,ALL,MALE,45-64
16,8,2026,1900,ALL,ALL,FEMALE,5-14
16,8,2026,2001,ALL,ALL,MALE,5-14
16,8,2026,2027,ALL,ALL,FEMALE,65+
16,8,2026,1410,ALL,ALL,MALE,65+
16,9,2026,2285,ALL,ALL,FEMALE,0-4
16,9,2026,2408,ALL,ALL,MALE,0-4
16,9,2026,21828,ALL,ALL,FEMALE,15-44
16,9,2026,21993,ALL,ALL,MALE,15-44
16,9,2026,10744,ALL,ALL,FEMALE,45-64
16,9,2026,9090,ALL,ALL,MALE,45-64
16,9,2026,5186,ALL,ALL,FEMALE,5-14
16,9,2026,5461,ALL,ALL,MALE,5-14
16,9,2026,5532,ALL,ALL,FEMALE,65+
16,9,2026,3848,ALL,ALL,MALE,65+
16,10,2026,2285,ALL,ALL,FEMALE,0-4
16,10,2026,2408,ALL,ALL,MALE,0-4
16,10,2026,21828,ALL,ALL,FEMALE,15-44
16,10,2026,21993,ALL,ALL,MALE,15-44
16,10,2026,10744,ALL,ALL,FEMALE,45-64
16,10,2026,9091,ALL,ALL,MALE,45-64
16,10,2026,5187,ALL,ALL,FEMALE,5-14
16,10,2026,5461,ALL,ALL,MALE,5-14
16,10,2026,5532,ALL,ALL,FEMALE,65+
16,10,2026,3848,ALL,ALL,MALE,65+
16,11,2026,2285,ALL,ALL,FEMALE,0-4
16,11,2026,2408,ALL,ALL,MALE,0-4
16,11,2026,21828,ALL,ALL,FEMALE,15-44
16,11,2026,21993,ALL,ALL,MALE,15-44
16,11,2026,10744,ALL,ALL,FEMALE,45-64
16,11,2026,9091,ALL,ALL,MALE,45-64
16,11,2026,5187,ALL,ALL,FEMALE,5-14
16,11,2026,5461,ALL,ALL,MALE,5-14
16,11,2026,5532,ALL,ALL,FEMALE,65+
16,11,2026,3848,ALL,ALL,MALE,65+
16,12,2026,2284,ALL,ALL,FEMALE,0-4
16,12,2026,2407,ALL,ALL,MALE,0-4
16,12,2026,21827,ALL,ALL,FEMALE,15-44
16,12,2026,21993,ALL,ALL,MALE,15-44
16,12,2026,10744,ALL,ALL,FEMALE,45-64
16,12,2026,9090,ALL,ALL,MALE,45-64
16,12,2026,5186,ALL,ALL,FEMALE,5-14
16,12,2026,5461,ALL,ALL,MALE,5-14
16,12,2026,5532,ALL,ALL,FEMALE,65+
16,12,2026,3847,ALL,ALL,MALE,65+
16,13,2026,944,ALL,ALL,FEMALE,0-4
16,13,2026,995,ALL,ALL,MALE,0-4
16,13,2026,9019,ALL,ALL,FEMALE,15-44
16,13,2026,9088,ALL,ALL,MALE,15-44
16,13,2026,4440,ALL,ALL,FEMALE,45-64
16,13,2026,3756,ALL,ALL,MALE,45-64
16,13,2026,2143,ALL,ALL,FEMALE,5-14
16,13,2026,2257,ALL,ALL,MALE,5-14
16,13,2026,2286,ALL,ALL,FEMALE,65+
16,13,2026,1590,ALL,ALL,MALE,65+
17,8,2026,646,ALL,ALL,FEMALE,0-4
17,8,2026,680,ALL,ALL,MALE,0-4
17,8,2026,6169,ALL,ALL,FEMALE,15-44
17,8,2026,6216,ALL,ALL,MALE,15-44
17,8,2026,3037,ALL,ALL,FEMALE,45-64
17,8,2026,2569,ALL,ALL,MALE,45-64
17,8,2026,1466,ALL,ALL,FEMALE,5-14
17,8,2026,1544,ALL,ALL,MALE,5-14
17,8,2026,1564,ALL,ALL,FEMALE,65+
17,8,2026,1087,ALL,ALL,MALE,65+
17,9,2026,2285,ALL,ALL,FEMALE,0-4
17,9,2026,2408,ALL,ALL,MALE,0-4
17,9,2026,21828,ALL,ALL,FEMALE,15-44
17,9,2026,21993,ALL,ALL,MALE,15-44
17,9,2026,10744,ALL,ALL,FEMALE,45-64
17,9,2026,9091,ALL,ALL,MALE,45-64
17,9,2026,5187,ALL,ALL,FEMALE,5-14
17,9,2026,5461,ALL,ALL,MALE,5-14
17,9,2026,5532,ALL,ALL,FEMALE,65+
17,9,2026,3848,ALL,ALL,MALE,65+
17,10,2026,2285,ALL,ALL,FEMALE,0-4
17,10,2026,2408,ALL,ALL,MALE,0-4
17,10,2026,21828,ALL,ALL,FEMALE,15-44
17,10,2026,21993,ALL,ALL,MALE,15-44
17,10,2026,10744,ALL,ALL,FEMALE,45-64
17,10,2026,9091,ALL,ALL,MALE,45-64
17,10,2026,5186,ALL,ALL,FEMALE,5-14
17,10,2026,5461,ALL,ALL,MALE,5-14
17,10,2026,5532,ALL,ALL,FEMALE,65+
17,10,2026,3848,ALL,ALL,MALE,65+
17,11,2026,2285,ALL,ALL,FEMALE,0-4
17,11,2026,2408,ALL,ALL,MALE,0-4
17,11,2026,21828,ALL,ALL,FEMALE,15-44
17,11,2026,21993,ALL,ALL,MALE,15-44
17,11,2026,10744,ALL,ALL,FEMALE,45-64
17,11,2026,9091,ALL,ALL,MALE,45-64
17,11,2026,5187,ALL,ALL,FEMALE,5-14
17,11,2026,5461,ALL,ALL,MALE,5-14
17,11,2026,5532,ALL,ALL,FEMALE,65+
17,11,2026,3848,ALL,ALL,MALE,65+
17,12,2026,2284,ALL,ALL,FEMALE,0-4
17,12,2026,2407,ALL,ALL,MALE,0-4
17,12,2026,21826,ALL,ALL,FEMALE,15-44
17,12,2026,21992,ALL,ALL,MALE,15-44
17,12,2026,10744,ALL,ALL,FEMALE,45-64
17,12,2026,9090,ALL,ALL,MALE,45-64
17,12,2026,5186,ALL,ALL,FEMALE,5-14
17,12,2026,5461,ALL,ALL,MALE,5-14
17,12,2026,5532,ALL,ALL,FEMALE,65+
17,12,2026,3847,ALL,ALL,MALE,65+
17,13,2026,829,ALL,ALL,FEMALE,0-4
17,13,2026,874,ALL,ALL,MALE,0-4
17,13,2026,7925,ALL,ALL,FEMALE,15-44
17,13,2026,7985,ALL,ALL,MALE,15-44
17,13,2026,3901,ALL,ALL,FEMALE,45-64
17,13,2026,3301,ALL,ALL,MALE,45-64
17,13,2026,1883,ALL,ALL,FEMALE,5-14
17,13,2026,1983,ALL,ALL,MALE,5-14
17,13,2026,2009,ALL,ALL,FEMALE,65+
17,13,2026,1397,ALL,ALL,MALE,65+
18,8,2026,212,ALL,ALL,FEMALE,0-4
18,8,2026,223,ALL,ALL,MALE,0-4
18,8,2026,2026,ALL,ALL,FEMALE,15-44
18,8,2026,2041,ALL,ALL,MALE,15-44
18,8,2026,997,ALL,ALL,FEMALE,45-64
18,8,2026,844,ALL,ALL,MALE,45-64
18,8,2026,481,ALL,ALL,FEMALE,5-14
18,8,2026,507,ALL,ALL,MALE,5-14
18,8,2026,513,ALL,ALL,FEMALE,65+
18,8,2026,357,ALL,ALL,MALE,65+
18,9,2026,2231,ALL,ALL,FEMALE,0-4
18,9,2026,2351,ALL,ALL,MALE,0-4
18,9,2026,21315,ALL,ALL,FEMALE,15-44
18,9,2026,21477,ALL,ALL,MALE,15-44
18,9,2026,10492,ALL,ALL,FEMALE,45-64
18,9,2026,8877,ALL,ALL,MALE,45-64
18,9,2026,5065,ALL,ALL,FEMALE,5-14
18,9,2026,5333,ALL,ALL,MALE,5-14
18,9,2026,5402,ALL,ALL,FEMALE,65+
18,9,2026,3757,ALL,ALL,MALE,65+
18,10,2026,2285,ALL,ALL,FEMALE,0-4
18,10,2026,2408,ALL,ALL,MALE,0-4
18,10,2026,21828,ALL,ALL,FEMALE,15-44
18,10,2026,21993,ALL,ALL,MALE,15-44
18,10,2026,10744,ALL,ALL,FEMALE,45-64
18,10,2026,9091,ALL,ALL,MALE,45-64
18,10,2026,5186,ALL,ALL,FEMALE,5-14
18,10,2026,5461,ALL,ALL,MALE,5-14
18,10,2026,5532,ALL,ALL,FEMALE,65+
18,10,2026,3848,ALL,ALL,MALE,65+
18,11,2026,2285,ALL,ALL,FEMALE,0-4
18,11,2026,2408,ALL,ALL,MALE,0-4
18,11,2026,21828,ALL,ALL,FEMALE,15-44
18,11,2026,21993,ALL,ALL,MALE,15-44
18,11,2026,10744,ALL,ALL,FEMALE,45-64
18,11,2026,9090,ALL,ALL,MALE,45-64
18,11,2026,5187,ALL,ALL,FEMALE,5-14
18,11,2026,5462,ALL,ALL,MALE,5-14
18,11,2026,5532,ALL,ALL,FEMALE,65+
18,11,2026,3848,ALL,ALL,MALE,65+
18,12,2026,1566,ALL,ALL,FEMALE,0-4
18,12,2026,1650,ALL,ALL,MALE,0-4
18,12,2026,14959,ALL,ALL,FEMALE,15-44
18,12,2026,15073,ALL,ALL,MALE,15-44
18,12,2026,7364,ALL,ALL,FEMALE,45-64
18,12,2026,6230,ALL,ALL,MALE,45-64
18,12,2026,3555,ALL,ALL,FEMALE,5-14
18,12,2026,3743,ALL,ALL,MALE,5-14
18,12,2026,3791,ALL,ALL,FEMALE,65+
18,12,2026,2637,ALL,ALL,MALE,65+
18,13,2026,11,ALL,ALL,FEMALE,0-4
18,13,2026,11,ALL,ALL,MALE,0-4
18,13,2026,104,ALL,ALL,FEMALE,15-44
18,13,2026,105,ALL,ALL,MALE,15-44
18,13,2026,52,ALL,ALL,FEMALE,45-64
18,13,2026,44,ALL,ALL,MALE,45-64
18,13,2026,25,ALL,ALL,FEMALE,5-14
18,13,2026,26,ALL,ALL,MALE,5-14
18,13,2026,27,ALL,ALL,FEMALE,65+
18,13,2026,18,ALL,ALL,MALE,65+
19,9,2026,877,ALL,ALL,FEMALE,0-4
19,9,2026,924,ALL,ALL,MALE,0-4
19,9,2026,8381,ALL,ALL,FEMALE,15-44
19,9,2026,8445,ALL,ALL,MALE,15-44
19,9,2026,4126,ALL,ALL,FEMALE,45-64
19,9,2026,3491,ALL,ALL,MALE,45-64
19,9,2026,1991,ALL,ALL,FEMALE,5-14
19,9,2026,2097,ALL,ALL,MALE,5-14
19,9,2026,2124,ALL,ALL,FEMALE,65+
19,9,2026,1477,ALL,ALL,MALE,65+
19,10,2026,2282,ALL,ALL,FEMALE,0-4
19,10,2026,2405,ALL,ALL,MALE,0-4
19,10,2026,21807,ALL,ALL,FEMALE,15-44
19,10,2026,21972,ALL,ALL,MALE,15-44
19,10,2026,10734,ALL,ALL,FEMALE,45-64
19,10,2026,9082,ALL,ALL,MALE,45-64
19,10,2026,5182,ALL,ALL,FEMALE,5-14
19,10,2026,5456,ALL,ALL,MALE,5-14
19,10,2026,5527,ALL,ALL,FEMALE,65+
19,10,2026,3844,ALL,ALL,MALE,65+
19,11,2026,2285,ALL,ALL,FEMALE,0-4
19,11,2026,2408,ALL,ALL,MALE,0-4
19,11,2026,21828,ALL,ALL,FEMALE,15-44
19,11,2026,21993,ALL,ALL,MALE,15-44
19,11,2026,10744,ALL,ALL,FEMALE,45-64
19,11,2026,9091,ALL,ALL,MALE,45-64
19,11,2026,5186,ALL,ALL,FEMALE,5-14
19,11,2026,5462,ALL,ALL,MALE,5-14
19,11,2026,5532,ALL,ALL,FEMALE,65+
19,11,2026,3848,ALL,ALL,MALE,65+
19,12,2026,973,ALL,ALL,FEMALE,0-4
19,12,2026,1026,ALL,ALL,MALE,0-4
19,12,2026,9302,ALL,ALL,FEMALE,15-44
19,12,2026,9373,ALL,ALL,MALE,15-44
19,12,2026,4579,ALL,ALL,FEMALE,45-64
19,12,2026,3874,ALL,ALL,MALE,45-64
19,12,2026,2210,ALL,ALL,FEMALE,5-14
19,12,2026,2328,ALL,ALL,MALE,5-14
19,12,2026,2358,ALL,ALL,FEMALE,65+
19,12,2026,1640,ALL,ALL,MALE,65+
20,9,2026,55,ALL,ALL,FEMALE,0-4
20,9,2026,58,ALL,ALL,MALE,0-4
20,9,2026,527,ALL,ALL,FEMALE,15-44
20,9,2026,531,ALL,ALL,MALE,15-44
20,9,2026,260,ALL,ALL,FEMALE,45-64
20,9,2026,220,ALL,ALL,MALE,45-64
20,9,2026,125,ALL,ALL,FEMALE,5-14
20,9,2026,132,ALL,ALL,MALE,5-14
20,9,2026,134,ALL,ALL,FEMALE,65+
20,9,2026,93,ALL,ALL,MALE,65+
20,10,2026,2242,ALL,ALL,FEMALE,0-4
20,10,2026,2363,ALL,ALL,MALE,0-4
20,10,2026,21421,ALL,ALL,FEMALE,15-44
20,10,2026,21584,ALL,ALL,MALE,15-44
20,10,2026,10545,ALL,ALL,FEMALE,45-64
20,10,2026,8921,ALL,ALL,MALE,45-64
20,10,2026,5090,ALL,ALL,FEMALE,5-14
20,10,2026,5360,ALL,ALL,MALE,5-14
20,10,2026,5429,ALL,ALL,FEMALE,65+
20,10,2026,3776,ALL,ALL,MALE,65+
20,11,2026,2285,ALL,ALL,FEMALE,0-4
20,11,2026,2408,ALL,ALL,MALE,0-4
20,11,2026,21828,ALL,ALL,FEMALE,15-44
20,11,2026,21993,ALL,ALL,MALE,15-44
20,11,2026,10744,ALL,ALL,FEMALE,45-64
20,11,2026,9091,ALL,ALL,MALE,45-64
20,11,2026,5186,ALL,ALL,FEMALE,5-14
20,11,2026,5461,ALL,ALL,MALE,5-14
20,11,2026,5532,ALL,ALL,FEMALE,65+
20,11,2026,3848,ALL,ALL,MALE,65+
20,12,2026,383,ALL,ALL,FEMALE,0-4
20,12,2026,404,ALL,ALL,MALE,0-4
20,12,2026,3663,ALL,ALL,FEMALE,15-44
20,12,2026,3691,ALL,ALL,MALE,15-44
20,12,2026,1804,ALL,ALL,FEMALE,45-64
20,12,2026,1526,ALL,ALL,MALE,45-64
20,12,2026,871,ALL,ALL,FEMALE,5-14
20,12,2026,917,ALL,ALL,MALE,5-14
20,12,2026,929,ALL,ALL,FEMALE,65+
20,12,2026,646,ALL,ALL,MALE,65+
21,9,2026,836,ALL,ALL,FEMALE,0-4
21,9,2026,881,ALL,ALL,MALE,0-4
21,9,2026,7986,ALL,ALL,FEMALE,15-44
21,9,2026,8046,ALL,ALL,MALE,15-44
21,9,2026,3931,ALL,ALL,FEMALE,45-64
21,9,2026,3326,ALL,ALL,MALE,45-64
21,9,2026,1898,ALL,ALL,FEMALE,5-14
21,9,2026,1998,ALL,ALL,MALE,5-14
21,9,2026,2024,ALL,ALL,FEMALE,65+
21,9,2026,1408,ALL,ALL,MALE,65+
21,10,2026,2285,ALL,ALL,FEMALE,0-4
21,10,2026,2408,ALL,ALL,MALE,0-4
21,10,2026,21828,ALL,ALL,FEMALE,15-44
21,10,2026,21993,ALL,ALL,MALE,15-44
21,10,2026,10744,ALL,ALL,FEMALE,45-64
21,10,2026,9091,ALL,ALL,MALE,45-64
21,10,2026,5187,ALL,ALL,FEMALE,5-14
21,10,2026,5461,ALL,ALL,MALE,5-14
21,10,2026,5532,ALL,ALL,FEMALE,65+
21,10,2026,3848,ALL,ALL,MALE,65+
21,11,2026,2285,ALL,ALL,FEMALE,0-4
21,11,2026,2408,ALL,ALL,MALE,0-4
21,11,2026,21828,ALL,ALL,FEMALE,15-44
21,11,2026,21993,ALL,ALL,MALE,15-44
21,11,2026,10744,ALL,ALL,FEMALE,45-64
21,11,2026,9091,ALL,ALL,MALE,45-64
21,11,2026,5187,ALL,ALL,FEMALE,5-14
21,11,2026,5462,ALL,ALL,MALE,5-14
21,11,2026,5532,ALL,ALL,FEMALE,65+
21,11,2026,3848,ALL,ALL,MALE,65+
21,12,2026,1454,ALL,ALL,FEMALE,0-4
21,12,2026,1533,ALL,ALL,MALE,0-4
21,12,2026,13896,ALL,ALL,FEMALE,15-44
21,12,2026,14001,ALL,ALL,MALE,15-44
21,12,2026,6840,ALL,ALL,FEMALE,45-64
21,12,2026,5787,ALL,ALL,MALE,45-64
21,12,2026,3302,ALL,ALL,FEMALE,5-14
21,12,2026,3477,ALL,ALL,MALE,5-14
21,12,2026,3522,ALL,ALL,FEMALE,65+
21,12,2026,2449,ALL,ALL,MALE,65+
22,9,2026,776,ALL,ALL,FEMALE,0-4
22,9,2026,818,ALL,ALL,MALE,0-4
22,9,2026,7415,ALL,ALL,FEMALE,15-44
22,9,2026,7471,ALL,ALL,MALE,15-44
22,9,2026,3650,ALL,ALL,FEMALE,45-64
22,9,2026,3088,ALL,ALL,MALE,45-64
22,9,2026,1762,ALL,ALL,FEMALE,5-14
22,9,2026,1855,ALL,ALL,MALE,5-14
22,9,2026,1879,ALL,ALL,FEMALE,65+
22,9,2026,1307,ALL,ALL,MALE,65+
22,10,2026,2285,ALL,ALL,FEMALE,0-4
22,10,2026,2408,ALL,ALL,MALE,0-4
22,10,2026,21828,ALL,ALL,FEMALE,15-44
22,10,2026,21993,ALL,ALL,MALE,15-44
22,10,2026,10744,ALL,ALL,FEMALE,45-64
22,10,2026,9091,ALL,ALL,MALE,45-64
22,10,2026,5187,ALL,ALL,FEMALE,5-14
22,10,2026,5461,ALL,ALL,MALE,5-14
22,10,2026,5532,ALL,ALL,FEMALE,65+
22,10,2026,3848,ALL,ALL,MALE,65+
22,11,2026,2285,ALL,ALL,FEMALE,0-4
22,11,2026,2408,ALL,ALL,MALE,0-4
22,11,2026,21828,ALL,ALL,FEMALE,15-44
22,11,2026,21993,ALL,ALL,MALE,15-44
22,11,2026,10744,ALL,ALL,FEMALE,45-64
22,11,2026,9091,ALL,ALL,MALE,45-64
22,11,2026,5187,ALL,ALL,FEMALE,5-14
22,11,2026,5461,ALL,ALL,MALE,5-14
22,11,2026,5532,ALL,ALL,FEMALE,65+
22,11,2026,3848,ALL,ALL,MALE,65+
22,12,2026,2253,ALL,ALL,FEMALE,0-4
22,12,2026,2375,ALL,ALL,MALE,0-4
22,12,2026,21530,ALL,ALL,FEMALE,15-44
22,12,2026,21694,ALL,ALL,MALE,15-44
22,12,2026,10598,ALL,ALL,FEMALE,45-64
22,12,2026,8967,ALL,ALL,MALE,45-64
22,12,2026,5116,ALL,ALL,FEMALE,5-14
22,12,2026,5387,ALL,ALL,MALE,5-14
22,12,2026,5457,ALL,ALL,FEMALE,65+
22,12,2026,3795,ALL,ALL,MALE,65+
22,13,2026,769,ALL,ALL,FEMALE,0-4
22,13,2026,810,ALL,ALL,MALE,0-4
22,13,2026,7346,ALL,ALL,FEMALE,15-44
22,13,2026,7402,ALL,ALL,MALE,15-44
22,13,2026,3616,ALL,ALL,FEMALE,45-64
22,13,2026,3060,ALL,ALL,MALE,45-64
22,13,2026,1746,ALL,ALL,FEMALE,5-14
22,13,2026,1838,ALL,ALL,MALE,5-14
22,13,2026,1862,ALL,ALL,FEMALE,65+
22,13,2026,1295,ALL,ALL,MALE,65+
23,9,2026,1068,ALL,ALL,FEMALE,0-4
23,9,2026,1126,ALL,ALL,MALE,0-4
23,9,2026,10207,ALL,ALL,FEMALE,15-44
23,9,2026,10284,ALL,ALL,MALE,15-44
23,9,2026,5024,ALL,ALL,FEMALE,45-64
23,9,2026,4251,ALL,ALL,MALE,45-64
23,9,2026,2425,ALL,ALL,FEMALE,5-14
23,9,2026,2554,ALL,ALL,MALE,5-14
23,9,2026,2587,ALL,ALL,FEMALE,65+
23,9,2026,1799,ALL,ALL,MALE,65+
23,10,2026,2285,ALL,ALL,FEMALE,0-4
23,10,2026,2408,ALL,ALL,MALE,0-4
23,10,2026,21828,ALL,ALL,FEMALE,15-44
23,10,2026,21993,ALL,ALL,MALE,15-44
23,10,2026,10744,ALL,ALL,FEMALE,45-64
23,10,2026,9090,ALL,ALL,MALE,45-64
23,10,2026,5187,ALL,ALL,FEMALE,5-14
23,10,2026,5461,ALL,ALL,MALE,5-14
23,10,2026,5532,ALL,ALL,FEMALE,65+
23,10,2026,3848,ALL,ALL,MALE,65+
23,11,2026,2285,ALL,ALL,FEMALE,0-4
23,11,2026,2408,ALL,ALL,MALE,0-4
23,11,2026,21828,ALL,ALL,FEMALE,15-44
23,11,2026,21993,ALL,ALL,MALE,15-44
23,11,2026,10744,ALL,ALL,FEMALE,45-64
23,11,2026,9091,ALL,ALL,MALE,45-64
23,11,2026,5187,ALL,ALL,FEMALE,5-14
23,11,2026,5461,ALL,ALL,MALE,5-14
23,11,2026,5532,ALL,ALL,FEMALE,65+
23,11,2026,3848,ALL,ALL,MALE,65+
23,12,2026,2285,ALL,ALL,FEMALE,0-4
23,12,2026,2408,ALL,ALL,MALE,0-4
23,12,2026,21828,ALL,ALL,FEMALE,15-44
23,12,2026,21993,ALL,ALL,MALE,15-44
23,12,2026,10744,ALL,ALL,FEMALE,45-64
23,12,2026,9090,ALL,ALL,MALE,45-64
23,12,2026,5186,ALL,ALL,FEMALE,5-14
23,12,2026,5461,ALL,ALL,MALE,5-14
23,12,2026,5532,ALL,ALL,FEMALE,65+
23,12,2026,3848,ALL,ALL,MALE,65+
23,13,2026,2040,ALL,ALL,FEMALE,0-4
23,13,2026,2149,ALL,ALL,MALE,0-4
23,13,2026,19488,ALL,ALL,FEMALE,15-44
23,13,2026,19635,ALL,ALL,MALE,15-44
23,13,2026,9593,ALL,ALL,FEMALE,45-64
23,13,2026,8116,ALL,ALL,MALE,45-64
23,13,2026,4631,ALL,ALL,FEMALE,5-14
23,13,2026,4876,ALL,ALL,MALE,5-14
23,13,2026,4939,ALL,ALL,FEMALE,65+
23,13,2026,3435,ALL,ALL,MALE,65+
23,14,2026,21,ALL,ALL,FEMALE,0-4
23,14,2026,22,ALL,ALL,MALE,0-4
23,14,2026,201,ALL,ALL,FEMALE,15-44
23,14,2026,203,ALL,ALL,MALE,15-44
23,14,2026,99,ALL,ALL,FEMALE,45-64
23,14,2026,84,ALL,ALL,MALE,45-64
23,14,2026,48,ALL,ALL,FEMALE,5-14
23,14,2026,51,ALL,ALL,MALE,5-14
23,14,2026,51,ALL,ALL,FEMALE,65+
23,14,2026,35,ALL,ALL,MALE,65+
24,9,2026,826,ALL,ALL,FEMALE,0-4
24,9,2026,871,ALL,ALL,MALE,0-4
24,9,2026,7897,ALL,ALL,FEMALE,15-44
24,9,2026,7957,ALL,ALL,MALE,15-44
24,9,2026,3887,ALL,ALL,FEMALE,45-64
24,9,2026,3289,ALL,ALL,MALE,45-64
24,9,2026,1876,ALL,ALL,FEMALE,5-14
24,9,2026,1976,ALL,ALL,MALE,5-14
24,9,2026,2002,ALL,ALL,FEMALE,65+
24,9,2026,1392,ALL,ALL,MALE,65+
24,10,2026,2285,ALL,ALL,FEMALE,0-4
24,10,2026,2408,ALL,ALL,MALE,0-4
24,10,2026,21828,ALL,ALL,FEMALE,15-44
24,10,2026,21993,ALL,ALL,MALE,15-44
24,10,2026,10744,ALL,ALL,FEMALE,45-64
24,10,2026,9091,ALL,ALL,MALE,45-64
24,10,2026,5187,ALL,ALL,FEMALE,5-14
24,10,2026,5461,ALL,ALL,MALE,5-14
24,10,2026,5532,ALL,ALL,FEMALE,65+
24,10,2026,3848,ALL,ALL,MALE,65+
24,11,2026,2285,ALL,ALL,FEMALE,0-4
24,11,2026,2408,ALL,ALL,MALE,0-4
24,11,2026,21828,ALL,ALL,FEMALE,15-44
24,11,2026,21993,ALL,ALL,MALE,15-44
24,11,2026,10744,ALL,ALL,FEMALE,45-64
24,11,2026,9091,ALL,ALL,MALE,45-64
24,11,2026,5186,ALL,ALL,FEMALE,5-14
24,11,2026,5461,ALL,ALL,MALE,5-14
24,11,2026,5532,ALL,ALL,FEMALE,65+
24,11,2026,3848,ALL,ALL,MALE,65+
24,12,2026,2285,ALL,ALL,FEMALE,0-4
24,12,2026,2407,ALL,ALL,MALE,0-4
24,12,2026,21827,ALL,ALL,FEMALE,15-44
24,12,2026,21993,ALL,ALL,MALE,15-44
24,12,2026,10744,ALL,ALL,FEMALE,45-64
24,12,2026,9090,ALL,ALL,MALE,45-64
24,12,2026,5186,ALL,ALL,FEMALE,5-14
24,12,2026,5461,ALL,ALL,MALE,5-14
24,12,2026,5532,ALL,ALL,FEMALE,65+
24,12,2026,3847,ALL,ALL,MALE,65+
24,13,2026,2189,ALL,ALL,FEMALE,0-4
24,13,2026,2306,ALL,ALL,MALE,0-4
24,13,2026,20912,ALL,ALL,FEMALE,15-44
24,13,2026,21070,ALL,ALL,MALE,15-44
24,13,2026,10294,ALL,ALL,FEMALE,45-64
24,13,2026,8709,ALL,ALL,MALE,45-64
24,13,2026,4969,ALL,ALL,FEMALE,5-14
24,13,2026,5232,ALL,ALL,MALE,5-14
24,13,2026,5300,ALL,ALL,FEMALE,65+
24,13,2026,3686,ALL,ALL,MALE,65+
24,14,2026,169,ALL,ALL,FEMALE,0-4
24,14,2026,179,ALL,ALL,MALE,0-4
24,14,2026,1619,ALL,ALL,FEMALE,15-44
24,14,2026,1632,ALL,ALL,MALE,15-44
24,14,2026,797,ALL,ALL,FEMALE,45-64
24,14,2026,674,ALL,ALL,MALE,45-64
24,14,2026,385,ALL,ALL,FEMALE,5-14
24,14,2026,405,ALL,ALL,MALE,5-14
24,14,2026,410,ALL,ALL,FEMALE,65+
24,14,2026,285,ALL,ALL,MALE,65+
25,9,2026,305,ALL,ALL,FEMALE,0-4
25,9,2026,322,ALL,ALL,MALE,0-4
25,9,2026,2920,ALL,ALL,FEMALE,15-44
25,9,2026,2942,ALL,ALL,MALE,15-44
25,9,2026,1438,ALL,ALL,FEMALE,45-64
25,9,2026,1216,ALL,ALL,MALE,45-64
25,9,2026,694,ALL,ALL,FEMALE,5-14
25,9,2026,731,ALL,ALL,MALE,5-14
25,9,2026,740,ALL,ALL,FEMALE,65+
25,9,2026,515,ALL,ALL,MALE,65+
25,10,2026,2285,ALL,ALL,FEMALE,0-4
25,10,2026,2408,ALL,ALL,MALE,0-4
25,10,2026,21828,ALL,ALL,FEMALE,15-44
25,10,2026,21993,ALL,ALL,MALE,15-44
25,10,2026,10744,ALL,ALL,FEMALE,45-64
25,10,2026,9091,ALL,ALL,MALE,45-64
25,10,2026,5186,ALL,ALL,FEMALE,5-14
25,10,2026,5461,ALL,ALL,MALE,5-14
25,10,2026,5532,ALL,ALL,FEMALE,65+
25,10,2026,3848,ALL,ALL,MALE,65+
25,11,2026,2285,ALL,ALL,FEMALE,0-4
25,11,2026,2407,ALL,ALL,MALE,0-4
25,11,2026,21828,ALL,ALL,FEMALE,15-44
25,11,2026,21993,ALL,ALL,MALE,15-44
25,11,2026,10744,ALL,ALL,FEMALE,45-64
25,11,2026,9090,ALL,ALL,MALE,45-64
25,11,2026,5186,ALL,ALL,FEMALE,5-14
25,11,2026,5461,ALL,ALL,MALE,5-14
25,11,2026,5532,ALL,ALL,FEMALE,65+
25,11,2026,3848,ALL,ALL,MALE,65+
25,12,2026,2285,ALL,ALL,FEMALE,0-4
25,12,2026,2407,ALL,ALL,MALE,0-4
25,12,2026,21827,ALL,ALL,FEMALE,15-44
25,12,2026,21993,ALL,ALL,MALE,15-44
25,12,2026,10744,ALL,ALL,FEMALE,45-64
25,12,2026,9090,ALL,ALL,MALE,45-64
25,12,2026,5186,ALL,ALL,FEMALE,5-14
25,12,2026,5461,ALL,ALL,MALE,5-14
25,12,2026,5532,ALL,ALL,FEMALE,65+
25,12,2026,3848,ALL,ALL,MALE,65+
25,13,2026,1036,ALL,ALL,FEMALE,0-4
25,13,2026,1092,ALL,ALL,MALE,0-4
25,13,2026,9902,ALL,ALL,FEMALE,15-44
25,13,2026,9977,ALL,ALL,MALE,15-44
25,13,2026,4874,ALL,ALL,FEMALE,45-64
25,13,2026,4124,ALL,ALL,MALE,45-64
25,13,2026,2353,ALL,ALL,FEMALE,5-14
25,13,2026,2478,ALL,ALL,MALE,5-14
25,13,2026,2510,ALL,ALL,FEMALE,65+
25,13,2026,1745,ALL,ALL,MALE,65+
26,9,2026,1,ALL,ALL,FEMALE,0-4
26,9,2026,1,ALL,ALL,MALE,0-4
26,9,2026,7,ALL,ALL,FEMALE,15-44
26,9,2026,7,ALL,ALL,MALE,15-44
26,9,2026,4,ALL,ALL,FEMALE,45-64
26,9,2026,3,ALL,ALL,MALE,45-64
26,9,2026,2,ALL,ALL,FEMALE,5-14
26,9,2026,2,ALL,ALL,MALE,5-14
26,9,2026,2,ALL,ALL,FEMALE,65+
26,9,2026,1,ALL,ALL,MALE,65+
26,10,2026,1699,ALL,ALL,FEMALE,0-4
26,10,2026,1790,ALL,ALL,MALE,0-4
26,10,2026,16230,ALL,ALL,FEMALE,15-44
26,10,2026,16353,ALL,ALL,MALE,15-44
26,10,2026,7989,ALL,ALL,FEMALE,45-64
26,10,2026,6759,ALL,ALL,MALE,45-64
26,10,2026,3857,ALL,ALL,FEMALE,5-14
26,10,2026,4061,ALL,ALL,MALE,5-14
26,10,2026,4114,ALL,ALL,FEMALE,65+
26,10,2026,2861,ALL,ALL,MALE,65+
26,11,2026,2285,ALL,ALL,FEMALE,0-4
26,11,2026,2407,ALL,ALL,MALE,0-4
26,11,2026,21828,ALL,ALL,FEMALE,15-44
26,11,2026,21993,ALL,ALL,MALE,15-44
26,11,2026,10744,ALL,ALL,FEMALE,45-64
26,11,2026,9090,ALL,ALL,MALE,45-64
26,11,2026,5186,ALL,ALL,FEMALE,5-14
26,11,2026,5461,ALL,ALL,MALE,5-14
26,11,2026,5532,ALL,ALL,FEMALE,65+
26,11,2026,3847,ALL,ALL,MALE,65+
26,12,2026,2284,ALL,ALL,FEMALE,0-4
26,12,2026,2407,ALL,ALL,MALE,0-4
26,12,2026,21827,ALL,ALL,FEMALE,15-44
26,12,2026,21993,ALL,ALL,MALE,15-44
26,12,2026,10744,ALL,ALL,FEMALE,45-64
26,12,2026,9090,ALL,ALL,MALE,45-64
26,12,2026,5186,ALL,ALL,FEMALE,5-14
26,12,2026,5461,ALL,ALL,MALE,5-14
26,12,2026,5532,ALL,ALL,FEMALE,65+
26,12,2026,3848,ALL,ALL,MALE,65+
26,13,2026,1066,ALL,ALL,FEMALE,0-4
26,13,2026,1124,ALL,ALL,MALE,0-4
26,13,2026,10188,ALL,ALL,FEMALE,15-44
26,13,2026,10266,ALL,ALL,MALE,15-44
26,13,2026,5015,ALL,ALL,FEMALE,45-64
26,13,2026,4243,ALL,ALL,MALE,45-64
26,13,2026,2421,ALL,ALL,FEMALE,5-14
26,13,2026,2549,ALL,ALL,MALE,5-14
26,13,2026,2582,ALL,ALL,FEMALE,65+
26,13,2026,1796,ALL,ALL,MALE,65+
27,10,2026,752,ALL,ALL,FEMALE,0-4
27,10,2026,793,ALL,ALL,MALE,0-4
27,10,2026,7187,ALL,ALL,FEMALE,15-44
27,10,2026,7242,ALL,ALL,MALE,15-44
27,10,2026,3538,ALL,ALL,FEMALE,45-64
27,10,2026,2993,ALL,ALL,MALE,45-64
27,10,2026,1708,ALL,ALL,FEMALE,5-14
27,10,2026,1798,ALL,ALL,MALE,5-14
27,10,2026,1822,ALL,ALL,FEMALE,65+
27,10,2026,1267,ALL,ALL,MALE,65+
27,11,2026,2285,ALL,ALL,FEMALE,0-4
27,11,2026,2407,ALL,ALL,MALE,0-4
27,11,2026,21828,ALL,ALL,FEMALE,15-44
27,11,2026,21993,ALL,ALL,MALE,15-44
27,11,2026,10744,ALL,ALL,FEMALE,45-64
27,11,2026,9090,ALL,ALL,MALE,45-64
27,11,2026,5186,ALL,ALL,FEMALE,5-14
27,11,2026,5461,ALL,ALL,MALE,5-14
27,11,2026,5532,ALL,ALL,FEMALE,65+
27,11,2026,3847,ALL,ALL,MALE,65+
27,12,2026,2284,ALL,ALL,FEMALE,0-4
27,12,2026,2407,ALL,ALL,MALE,0-4
27,12,2026,21828,ALL,ALL,FEMALE,15-44
27,12,2026,21993,ALL,ALL,MALE,15-44
27,12,2026,10744,ALL,ALL,FEMALE,45-64
27,12,2026,9090,ALL,ALL,MALE,45-64
27,12,2026,5186,ALL,ALL,FEMALE,5-14
27,12,2026,5461,ALL,ALL,MALE,5-14
27,12,2026,5532,ALL,ALL,FEMALE,65+
27,12,2026,3848,ALL,ALL,MALE,65+
27,13,2026,1836,ALL,ALL,FEMALE,0-4
27,13,2026,1935,ALL,ALL,MALE,0-4
27,13,2026,17545,ALL,ALL,FEMALE,15-44
27,13,2026,17678,ALL,ALL,MALE,15-44
27,13,2026,8636,ALL,ALL,FEMALE,45-64
27,13,2026,7307,ALL,ALL,MALE,45-64
27,13,2026,4169,ALL,ALL,FEMALE,5-14
27,13,2026,4390,ALL,ALL,MALE,5-14
27,13,2026,4447,ALL,ALL,FEMALE,65+
27,13,2026,3093,ALL,ALL,MALE,65+
27,14,2026,389,ALL,ALL,FEMALE,0-4
27,14,2026,410,ALL,ALL,MALE,0-4
27,14,2026,3714,ALL,ALL,FEMALE,15-44
27,14,2026,3742,ALL,ALL,MALE,15-44
27,14,2026,1828,ALL,ALL,FEMALE,45-64
27,14,2026,1547,ALL,ALL,MALE,45-64
27,14,2026,882,ALL,ALL,FEMALE,5-14
27,14,2026,929,ALL,ALL,MALE,5-14
27,14,2026,941,ALL,ALL,FEMALE,65+
27,14,2026,654,ALL,ALL,MALE,65+
28,10,2026,184,ALL,ALL,FEMALE,0-4
28,10,2026,194,ALL,ALL,MALE,0-4
28,10,2026,1758,ALL,ALL,FEMALE,15-44
28,10,2026,1772,ALL,ALL,MALE,15-44
28,10,2026,866,ALL,ALL,FEMALE,45-64
28,10,2026,732,ALL,ALL,MALE,45-64
28,10,2026,418,ALL,ALL,FEMALE,5-14
28,10,2026,440,ALL,ALL,MALE,5-14
28,10,2026,446,ALL,ALL,FEMALE,65+
28,10,2026,310,ALL,ALL,MALE,65+
28,11,2026,2262,ALL,ALL,FEMALE,0-4
28,11,2026,2384,ALL,ALL,MALE,0-4
28,11,2026,21617,ALL,ALL,FEMALE,15-44
28,11,2026,21781,ALL,ALL,MALE,15-44
28,11,2026,10641,ALL,ALL,FEMALE,45-64
28,11,2026,9003,ALL,ALL,MALE,45-64
28,11,2026,5137,ALL,ALL,FEMALE,5-14
28,11,2026,5409,ALL,ALL,MALE,5-14
28,11,2026,5479,ALL,ALL,FEMALE,65+
28,11,2026,3810,ALL,ALL,MALE,65+
28,12,2026,2284,ALL,ALL,FEMALE,0-4
28,12,2026,2407,ALL,ALL,MALE,0-4
28,12,2026,21827,ALL,ALL,FEMALE,15-44
28,12,2026,21993,ALL,ALL,MALE,15-44
28,12,2026,10744,ALL,ALL,FEMALE,45-64
28,12,2026,9090,ALL,ALL,MALE,45-64
28,12,2026,5186,ALL,ALL,FEMALE,5-14
28,12,2026,5461,ALL,ALL,MALE,5-14
28,12,2026,5532,ALL,ALL,FEMALE,65+
28,12,2026,3847,ALL,ALL,MALE,65+
28,13,2026,2284,ALL,ALL,FEMALE,0-4
28,13,2026,2407,ALL,ALL,MALE,0-4
28,13,2026,21828,ALL,ALL,FEMALE,15-44
28,13,2026,21993,ALL,ALL,MALE,15-44
28,13,2026,10744,ALL,ALL,FEMALE,45-64
28,13,2026,9090,ALL,ALL,MALE,45-64
28,13,2026,5186,ALL,ALL,FEMALE,5-14
28,13,2026,5461,ALL,ALL,MALE,5-14
28,13,2026,5532,ALL,ALL,FEMALE,65+
28,13,2026,3848,ALL,ALL,MALE,65+
28,14,2026,2016,ALL,ALL,FEMALE,0-4
28,14,2026,2125,ALL,ALL,MALE,0-4
28,14,2026,19263,ALL,ALL,FEMALE,15-44
28,14,2026,19409,ALL,ALL,MALE,15-44
28,14,2026,9482,ALL,ALL,FEMALE,45-64
28,14,2026,8022,ALL,ALL,MALE,45-64
28,14,2026,4577,ALL,ALL,FEMALE,5-14
28,14,2026,4820,ALL,ALL,MALE,5-14
28,14,2026,4882,ALL,ALL,FEMALE,65+
28,14,2026,3395,ALL,ALL,MALE,65+
28,15,2026,102,ALL,ALL,FEMALE,0-4
28,15,2026,107,ALL,ALL,MALE,0-4
28,15,2026,972,ALL,ALL,FEMALE,15-44
28,15,2026,980,ALL,ALL,MALE,15-44
28,15,2026,479,ALL,ALL,FEMALE,45-64
28,15,2026,405,ALL,ALL,MALE,45-64
28,15,2026,231,ALL,ALL,FEMALE,5-14
28,15,2026,244,ALL,ALL,MALE,5-14
28,15,2026,247,ALL,ALL,FEMALE,65+
28,15,2026,171,ALL,ALL,MALE,65+
29,10,2026,65,ALL,ALL,FEMALE,0-4
29,10,2026,69,ALL,ALL,MALE,0-4
29,10,2026,626,ALL,ALL,FEMALE,15-44
29,10,2026,631,ALL,ALL,MALE,15-44
29,10,2026,308,ALL,ALL,FEMALE,45-64
29,10,2026,261,ALL,ALL,MALE,45-64
29,10,2026,149,ALL,ALL,FEMALE,5-14
29,10,2026,157,ALL,ALL,MALE,5-14
29,10,2026,159,ALL,ALL,FEMALE,65+
29,10,2026,110,ALL,ALL,MALE,65+
29,11,2026,2156,ALL,ALL,FEMALE,0-4
29,11,2026,2272,ALL,ALL,MALE,0-4
29,11,2026,20602,ALL,ALL,FEMALE,15-44
29,11,2026,20758,ALL,ALL,MALE,15-44
29,11,2026,10141,ALL,ALL,FEMALE,45-64
29,11,2026,8580,ALL,ALL,MALE,45-64
29,11,2026,4895,ALL,ALL,FEMALE,5-14
29,11,2026,5155,ALL,ALL,MALE,5-14
29,11,2026,5222,ALL,ALL,FEMALE,65+
29,11,2026,3631,ALL,ALL,MALE,65+
29,12,2026,2285,ALL,ALL,FEMALE,0-4
29,12,2026,2407,ALL,ALL,MALE,0-4
29,12,2026,21827,ALL,ALL,FEMALE,15-44
29,12,2026,21993,ALL,ALL,MALE,15-44
29,12,2026,10744,ALL,ALL,FEMALE,45-64
29,12,2026,9090,ALL,ALL,MALE,45-64
29,12,2026,5186,ALL,ALL,FEMALE,5-14
29,12,2026,5461,ALL,ALL,MALE,5-14
29,12,2026,5532,ALL,ALL,FEMALE,65+
29,12,2026,3848,ALL,ALL,MALE,65+
29,13,2026,2284,ALL,ALL,FEMALE,0-4
29,13,2026,2407,ALL,ALL,MALE,0-4
29,13,2026,21828,ALL,ALL,FEMALE,15-44
29,13,2026,21993,ALL,ALL,MALE,15-44
29,13,2026,10744,ALL,ALL,FEMALE,45-64
29,13,2026,9090,ALL,ALL,MALE,45-64
29,13,2026,5186,ALL,ALL,FEMALE,5-14
29,13,2026,5461,ALL,ALL,MALE,5-14
29,13,2026,5532,ALL,ALL,FEMALE,65+
29,13,2026,3848,ALL,ALL,MALE,65+
29,14,2026,2285,ALL,ALL,FEMALE,0-4
29,14,2026,2407,ALL,ALL,MALE,0-4
29,14,2026,21827,ALL,ALL,FEMALE,15-44
29,14,2026,21993,ALL,ALL,MALE,15-44
29,14,2026,10744,ALL,ALL,FEMALE,45-64
29,14,2026,9090,ALL,ALL,MALE,45-64
29,14,2026,5186,ALL,ALL,FEMALE,5-14
29,14,2026,5461,ALL,ALL,MALE,5-14
29,14,2026,5532,ALL,ALL,FEMALE,65+
29,14,2026,3847,ALL,ALL,MALE,65+
29,15,2026,1422,ALL,ALL,FEMALE,0-4
29,15,2026,1498,ALL,ALL,MALE,0-4
29,15,2026,13583,ALL,ALL,FEMALE,15-44
29,15,2026,13686,ALL,ALL,MALE,15-44
29,15,2026,6686,ALL,ALL,FEMALE,45-64
29,15,2026,5657,ALL,ALL,MALE,45-64
29,15,2026,3228,ALL,ALL,FEMALE,5-14
29,15,2026,3399,ALL,ALL,MALE,5-14
29,15,2026,3443,ALL,ALL,FEMALE,65+
29,15,2026,2394,ALL,ALL,MALE,65+
29,16,2026,60,ALL,ALL,FEMALE,0-4
29,16,2026,64,ALL,ALL,MALE,0-4
29,16,2026,579,ALL,ALL,FEMALE,15-44
29,16,2026,584,ALL,ALL,MALE,15-44
29,16,2026,286,ALL,ALL,FEMALE,45-64
29,16,2026,241,ALL,ALL,MALE,45-64
29,16,2026,138,ALL,ALL,FEMALE,5-14
29,16,2026,145,ALL,ALL,MALE,5-14
29,16,2026,147,ALL,ALL,FEMALE,65+
29,16,2026,102,ALL,ALL,MALE,65+
30,10,2026,262,ALL,ALL,FEMALE,0-4
30,10,2026,276,ALL,ALL,MALE,0-4
30,10,2026,2505,ALL,ALL,FEMALE,15-44
30,10,2026,2524,ALL,ALL,MALE,15-44
30,10,2026,1233,ALL,ALL,FEMALE,45-64
30,10,2026,1043,ALL,ALL,MALE,45-64
30,10,2026,595,ALL,ALL,FEMALE,5-14
30,10,2026,627,ALL,ALL,MALE,5-14
30,10,2026,635,ALL,ALL,FEMALE,65+
30,10,2026,441,ALL,ALL,MALE,65+
30,11,2026,2157,ALL,ALL,FEMALE,0-4
30,11,2026,2273,ALL,ALL,MALE,0-4
30,11,2026,20612,ALL,ALL,FEMALE,15-44
30,11,2026,20768,ALL,ALL,MALE,15-44
30,11,2026,10146,ALL,ALL,FEMALE,45-64
30,11,2026,8584,ALL,ALL,MALE,45-64
30,11,2026,4898,ALL,ALL,FEMALE,5-14
30,11,2026,5157,ALL,ALL,MALE,5-14
30,11,2026,5224,ALL,ALL,FEMALE,65+
30,11,2026,3633,ALL,ALL,MALE,65+
30,12,2026,2284,ALL,ALL,FEMALE,0-4
30,12,2026,2407,ALL,ALL,MALE,0-4
30,12,2026,21828,ALL,ALL,FEMALE,15-44
30,12,2026,21993,ALL,ALL,MALE,15-44
30,12,2026,10744,ALL,ALL,FEMALE,45-64
30,12,2026,9090,ALL,ALL,MALE,45-64
30,12,2026,5186,ALL,ALL,FEMALE,5-14
30,12,2026,5461,ALL,ALL,MALE,5-14
30,12,2026,5532,ALL,ALL,FEMALE,65+
30,12,2026,3848,ALL,ALL,MALE,65+
30,13,2026,2285,ALL,ALL,FEMALE,0-4
30,13,2026,2408,ALL,ALL,MALE,0-4
30,13,2026,21828,ALL,ALL,FEMALE,15-44
30,13,2026,21993,ALL,ALL,MALE,15-44
30,13,2026,10744,ALL,ALL,FEMALE,45-64
30,13,2026,9090,ALL,ALL,MALE,45-64
30,13,2026,5186,ALL,ALL,FEMALE,5-14
30,13,2026,5461,ALL,ALL,MALE,5-14
30,13,2026,5532,ALL,ALL,FEMALE,65+
30,13,2026,3848,ALL,ALL,MALE,65+
30,14,2026,2285,ALL,ALL,FEMALE,0-4
30,14,2026,2407,ALL,ALL,MALE,0-4
30,14,2026,21827,ALL,ALL,FEMALE,15-44
30,14,2026,21993,ALL,ALL,MALE,15-44
30,14,2026,10744,ALL,ALL,FEMALE,45-64
30,14,2026,9090,ALL,ALL,MALE,45-64
30,14,2026,5186,ALL,ALL,FEMALE,5-14
30,14,2026,5461,ALL,ALL,MALE,5-14
30,14,2026,5532,ALL,ALL,FEMALE,65+
30,14,2026,3847,ALL,ALL,MALE,65+
30,15,2026,2285,ALL,ALL,FEMALE,0-4
30,15,2026,2407,ALL,ALL,MALE,0-4
30,15,2026,21828,ALL,ALL,FEMALE,15-44
30,15,2026,21993,ALL,ALL,MALE,15-44
30,15,2026,10744,ALL,ALL,FEMALE,45-64
30,15,2026,9090,ALL,ALL,MALE,45-64
30,15,2026,5186,ALL,ALL,FEMALE,5-14
30,15,2026,5461,ALL,ALL,MALE,5-14
30,15,2026,5532,ALL,ALL,FEMALE,65+
30,15,2026,3847,ALL,ALL,MALE,65+
30,16,2026,691,ALL,ALL,FEMALE,0-4
30,16,2026,729,ALL,ALL,MALE,0-4
30,16,2026,6606,ALL,ALL,FEMALE,15-44
30,16,2026,6656,ALL,ALL,MALE,15-44
30,16,2026,3252,ALL,ALL,FEMALE,45-64
30,16,2026,2751,ALL,ALL,MALE,45-64
30,16,2026,1570,ALL,ALL,FEMALE,5-14
30,16,2026,1653,ALL,ALL,MALE,5-14
30,16,2026,1674,ALL,ALL,FEMALE,65+
30,16,2026,1164,ALL,ALL,MALE,65+
31,11,2026,2000,ALL,ALL,FEMALE,0-4
31,11,2026,2108,ALL,ALL,MALE,0-4
31,11,2026,19113,ALL,ALL,FEMALE,15-44
31,11,2026,19258,ALL,ALL,MALE,15-44
31,11,2026,9408,ALL,ALL,FEMALE,45-64
31,11,2026,7960,ALL,ALL,MALE,45-64
31,11,2026,4542,ALL,ALL,FEMALE,5-14
31,11,2026,4782,ALL,ALL,MALE,5-14
31,11,2026,4844,ALL,ALL,FEMALE,65+
31,11,2026,3369,ALL,ALL,MALE,65+
31,12,2026,2284,ALL,ALL,FEMALE,0-4
31,12,2026,2408,ALL,ALL,MALE,0-4
31,12,2026,21828,ALL,ALL,FEMALE,15-44
31,12,2026,21993,ALL,ALL,MALE,15-44
31,12,2026,10744,ALL,ALL,FEMALE,45-64
31,12,2026,9090,ALL,ALL,MALE,45-64
31,12,2026,5186,ALL,ALL,FEMALE,5-14
31,12,2026,5461,ALL,ALL,MALE,5-14
31,12,2026,5532,ALL,ALL,FEMALE,65+
31,12,2026,3848,ALL,ALL,MALE,65+
31,13,2026,2284,ALL,ALL,FEMALE,0-4
31,13,2026,2408,ALL,ALL,MALE,0-4
31,13,2026,21828,ALL,ALL,FEMALE,15-44
31,13,2026,21993,ALL,ALL,MALE,15-44
31,13,2026,10744,ALL,ALL,FEMALE,45-64
31,13,2026,9090,ALL,ALL,MALE,45-64
31,13,2026,5186,ALL,ALL,FEMALE,5-14
31,13,2026,5461,ALL,ALL,MALE,5-14
31,13,2026,5532,ALL,ALL,FEMALE,65+
31,13,2026,3848,ALL,ALL,MALE,65+
31,14,2026,2285,ALL,ALL,FEMALE,0-4
31,14,2026,2407,ALL,ALL,MALE,0-4
31,14,2026,21827,ALL,ALL,FEMALE,15-44
31,14,2026,21993,ALL,ALL,MALE,15-44
31,14,2026,10744,ALL,ALL,FEMALE,45-64
31,14,2026,9090,ALL,ALL,MALE,45-64
31,14,2026,5186,ALL,ALL,FEMALE,5-14
31,14,2026,5461,ALL,ALL,MALE,5-14
31,14,2026,5532,ALL,ALL,FEMALE,65+
31,14,2026,3847,ALL,ALL,MALE,65+
31,15,2026,2285,ALL,ALL,FEMALE,0-4
31,15,2026,2407,ALL,ALL,MALE,0-4
31,15,2026,21828,ALL,ALL,FEMALE,15-44
31,15,2026,21993,ALL,ALL,MALE,15-44
31,15,2026,10744,ALL,ALL,FEMALE,45-64
31,15,2026,9090,ALL,ALL,MALE,45-64
31,15,2026,5186,ALL,ALL,FEMALE,5-14
31,15,2026,5461,ALL,ALL,MALE,5-14
31,15,2026,5532,ALL,ALL,FEMALE,65+
31,15,2026,3847,ALL,ALL,MALE,65+
31,16,2026,1807,ALL,ALL,FEMALE,0-4
31,16,2026,1904,ALL,ALL,MALE,0-4
31,16,2026,17261,ALL,ALL,FEMALE,15-44
31,16,2026,17392,ALL,ALL,MALE,15-44
31,16,2026,8497,ALL,ALL,FEMALE,45-64
31,16,2026,7189,ALL,ALL,MALE,45-64
31,16,2026,4101,ALL,ALL,FEMALE,5-14
31,16,2026,4319,ALL,ALL,MALE,5-14
31,16,2026,4375,ALL,ALL,FEMALE,65+
31,16,2026,3043,ALL,ALL,MALE,65+
31,17,2026,441,ALL,ALL,FEMALE,0-4
31,17,2026,464,ALL,ALL,MALE,0-4
31,17,2026,4211,ALL,ALL,FEMALE,15-44
31,17,2026,4243,ALL,ALL,MALE,15-44
31,17,2026,2073,ALL,ALL,FEMALE,45-64
31,17,2026,1754,ALL,ALL,MALE,45-64
31,17,2026,1001,ALL,ALL,FEMALE,5-14
31,17,2026,1054,ALL,ALL,MALE,5-14
31,17,2026,1067,ALL,ALL,FEMALE,65+
31,17,2026,742,ALL,ALL,MALE,65+
32,10,2026,181,ALL,ALL,FEMALE,0-4
32,10,2026,191,ALL,ALL,MALE,0-4
32,10,2026,1735,ALL,ALL,FEMALE,15-44
32,10,2026,1749,ALL,ALL,MALE,15-44
32,10,2026,854,ALL,ALL,FEMALE,45-64
32,10,2026,723,ALL,ALL,MALE,45-64
32,10,2026,412,ALL,ALL,FEMALE,5-14
32,10,2026,434,ALL,ALL,MALE,5-14
32,10,2026,440,ALL,ALL,FEMALE,65+
32,10,2026,306,ALL,ALL,MALE,65+
32,11,2026,2219,ALL,ALL,FEMALE,0-4
32,11,2026,2338,ALL,ALL,MALE,0-4
32,11,2026,21201,ALL,ALL,FEMALE,15-44
32,11,2026,21362,ALL,ALL,MALE,15-44
32,11,2026,10436,ALL,ALL,FEMALE,45-64
32,11,2026,8829,ALL,ALL,MALE,45-64
32,11,2026,5038,ALL,ALL,FEMALE,5-14
32,11,2026,5305,ALL,ALL,MALE,5-14
32,11,2026,5373,ALL,ALL,FEMALE,65+
32,11,2026,3737,ALL,ALL,MALE,65+
32,12,2026,2285,ALL,ALL,FEMALE,0-4
32,12,2026,2407,ALL,ALL,MALE,0-4
32,12,2026,21828,ALL,ALL,FEMALE,15-44
32,12,2026,21993,ALL,ALL,MALE,15-44
32,12,2026,10744,ALL,ALL,FEMALE,45-64
32,12,2026,9090,ALL,ALL,MALE,45-64
32,12,2026,5186,ALL,ALL,FEMALE,5-14
32,12,2026,5461,ALL,ALL,MALE,5-14
32,12,2026,5532,ALL,ALL,FEMALE,65+
32,12,2026,3848,ALL,ALL,MALE,65+
32,13,2026,2284,ALL,ALL,FEMALE,0-4
32,13,2026,2408,ALL,ALL,MALE,0-4
32,13,2026,21828,ALL,ALL,FEMALE,15-44
32,13,2026,21993,ALL,ALL,MALE,15-44
32,13,2026,10744,ALL,ALL,FEMALE,45-64
32,13,2026,9090,ALL,ALL,MALE,45-64
32,13,2026,5186,ALL,ALL,FEMALE,5-14
32,13,2026,5461,ALL,ALL,MALE,5-14
32,13,2026,5532,ALL,ALL,FEMALE,65+
32,13,2026,3848,ALL,ALL,MALE,65+
32,14,2026,2284,ALL,ALL,FEMALE,0-4
32,14,2026,2407,ALL,ALL,MALE,0-4
32,14,2026,21827,ALL,ALL,FEMALE,15-44
32,14,2026,21993,ALL,ALL,MALE,15-44
32,14,2026,10744,ALL,ALL,FEMALE,45-64
32,14,2026,9090,ALL,ALL,MALE,45-64
32,14,2026,5186,ALL,ALL,FEMALE,5-14
32,14,2026,5461,ALL,ALL,MALE,5-14
32,14,2026,5532,ALL,ALL,FEMALE,65+
32,14,2026,3847,ALL,ALL,MALE,65+
32,15,2026,2285,ALL,ALL,FEMALE,0-4
32,15,2026,2407,ALL,ALL,MALE,0-4
32,15,2026,21827,ALL,ALL,FEMALE,15-44
32,15,2026,21993,ALL,ALL,MALE,15-44
32,15,2026,10744,ALL,ALL,FEMALE,45-64
32,15,2026,9090,ALL,ALL,MALE,45-64
32,15,2026,5186,ALL,ALL,FEMALE,5-14
32,15,2026,5461,ALL,ALL,MALE,5-14
32,15,2026,5532,ALL,ALL,FEMALE,65+
32,15,2026,3848,ALL,ALL,MALE,65+
32,16,2026,2285,ALL,ALL,FEMALE,0-4
32,16,2026,2407,ALL,ALL,MALE,0-4
32,16,2026,21827,ALL,ALL,FEMALE,15-44
32,16,2026,21993,ALL,ALL,MALE,15-44
32,16,2026,10744,ALL,ALL,FEMALE,45-64
32,16,2026,9090,ALL,ALL,MALE,45-64
32,16,2026,5186,ALL,ALL,FEMALE,5-14
32,16,2026,5461,ALL,ALL,MALE,5-14
32,16,2026,5532,ALL,ALL,FEMALE,65+
32,16,2026,3848,ALL,ALL,MALE,65+
32,17,2026,1298,ALL,ALL,FEMALE,0-4
32,17,2026,1368,ALL,ALL,MALE,0-4
32,17,2026,12401,ALL,ALL,FEMALE,15-44
32,17,2026,12495,ALL,ALL,MALE,15-44
32,17,2026,6105,ALL,ALL,FEMALE,45-64
32,17,2026,5165,ALL,ALL,MALE,45-64
32,17,2026,2947,ALL,ALL,FEMALE,5-14
32,17,2026,3103,ALL,ALL,MALE,5-14
32,17,2026,3143,ALL,ALL,FEMALE,65+
32,17,2026,2186,ALL,ALL,MALE,65+
33,9,2026,673,ALL,ALL,FEMALE,0-4
33,9,2026,709,ALL,ALL,MALE,0-4
33,9,2026,6431,ALL,ALL,FEMALE,15-44
33,9,2026,6480,ALL,ALL,MALE,15-44
33,9,2026,3166,ALL,ALL,FEMALE,45-64
33,9,2026,2678,ALL,ALL,MALE,45-64
33,9,2026,1528,ALL,ALL,FEMALE,5-14
33,9,2026,1609,ALL,ALL,MALE,5-14
33,9,2026,1630,ALL,ALL,FEMALE,65+
33,9,2026,1134,ALL,ALL,MALE,65+
33,10,2026,2251,ALL,ALL,FEMALE,0-4
33,10,2026,2372,ALL,ALL,MALE,0-4
33,10,2026,21504,ALL,ALL,FEMALE,15-44
33,10,2026,21667,ALL,ALL,MALE,15-44
33,10,2026,10585,ALL,ALL,FEMALE,45-64
33,10,2026,8956,ALL,ALL,MALE,45-64
33,10,2026,5110,ALL,ALL,FEMALE,5-14
33,10,2026,5381,ALL,ALL,MALE,5-14
33,10,2026,5450,ALL,ALL,FEMALE,65+
33,10,2026,3790,ALL,ALL,MALE,65+
33,11,2026,2284,ALL,ALL,FEMALE,0-4
33,11,2026,2407,ALL,ALL,MALE,0-4
33,11,2026,21828,ALL,ALL,FEMALE,15-44
33,11,2026,21993,ALL,ALL,MALE,15-44
33,11,2026,10744,ALL,ALL,FEMALE,45-64
33,11,2026,9090,ALL,ALL,MALE,45-64
33,11,2026,5186,ALL,ALL,FEMALE,5-14
33,11,2026,5461,ALL,ALL,MALE,5-14
33,11,2026,5532,ALL,ALL,FEMALE,65+
33,11,2026,3847,ALL,ALL,MALE,65+
33,12,2026,2285,ALL,ALL,FEMALE,0-4
33,12,2026,2407,ALL,ALL,MALE,0-4
33,12,2026,21827,ALL,ALL,FEMALE,15-44
33,12,2026,21993,ALL,ALL,MALE,15-44
33,12,2026,10744,ALL,ALL,FEMALE,45-64
33,12,2026,9090,ALL,ALL,MALE,45-64
33,12,2026,5186,ALL,ALL,FEMALE,5-14
33,12,2026,5461,ALL,ALL,MALE,5-14
33,12,2026,5532,ALL,ALL,FEMALE,65+
33,12,2026,3848,ALL,ALL,MALE,65+
33,13,2026,2285,ALL,ALL,FEMALE,0-4
33,13,2026,2408,ALL,ALL,MALE,0-4
33,13,2026,21828,ALL,ALL,FEMALE,15-44
33,13,2026,21993,ALL,ALL,MALE,15-44
33,13,2026,10744,ALL,ALL,FEMALE,45-64
33,13,2026,9090,ALL,ALL,MALE,45-64
33,13,2026,5186,ALL,ALL,FEMALE,5-14
33,13,2026,5461,ALL,ALL,MALE,5-14
33,13,2026,5532,ALL,ALL,FEMALE,65+
33,13,2026,3848,ALL,ALL,MALE,65+
33,14,2026,2285,ALL,ALL,FEMALE,0-4
33,14,2026,2407,ALL,ALL,MALE,0-4
33,14,2026,21828,ALL,ALL,FEMALE,15-44
33,14,2026,21993,ALL,ALL,MALE,15-44
33,14,2026,10744,ALL,ALL,FEMALE,45-64
33,14,2026,9090,ALL,ALL,MALE,45-64
33,14,2026,5186,ALL,ALL,FEMALE,5-14
33,14,2026,5461,ALL,ALL,MALE,5-14
33,14,2026,5532,ALL,ALL,FEMALE,65+
33,14,2026,3847,ALL,ALL,MALE,65+
33,15,2026,2285,ALL,ALL,FEMALE,0-4
33,15,2026,2407,ALL,ALL,MALE,0-4
33,15,2026,21828,ALL,ALL,FEMALE,15-44
33,15,2026,21993,ALL,ALL,MALE,15-44
33,15,2026,10744,ALL,ALL,FEMALE,45-64
33,15,2026,9090,ALL,ALL,MALE,45-64
33,15,2026,5186,ALL,ALL,FEMALE,5-14
33,15,2026,5461,ALL,ALL,MALE,5-14
33,15,2026,5532,ALL,ALL,FEMALE,65+
33,15,2026,3848,ALL,ALL,MALE,65+
33,16,2026,2285,ALL,ALL,FEMALE,0-4
33,16,2026,2407,ALL,ALL,MALE,0-4
33,16,2026,21828,ALL,ALL,FEMALE,15-44
33,16,2026,21993,ALL,ALL,MALE,15-44
33,16,2026,10744,ALL,ALL,FEMALE,45-64
33,16,2026,9090,ALL,ALL,MALE,45-64
33,16,2026,5186,ALL,ALL,FEMALE,5-14
33,16,2026,5461,ALL,ALL,MALE,5-14
33,16,2026,5532,ALL,ALL,FEMALE,65+
33,16,2026,3848,ALL,ALL,MALE,65+
33,17,2026,2037,ALL,ALL,FEMALE,0-4
33,17,2026,2147,ALL,ALL,MALE,0-4
33,17,2026,19463,ALL,ALL,FEMALE,15-44
33,17,2026,19611,ALL,ALL,MALE,15-44
33,17,2026,9581,ALL,ALL,FEMALE,45-64
33,17,2026,8106,ALL,ALL,MALE,45-64
33,17,2026,4625,ALL,ALL,FEMALE,5-14
33,17,2026,4870,ALL,ALL,MALE,5-14
33,17,2026,4933,ALL,ALL,FEMALE,65+
33,17,2026,3431,ALL,ALL,MALE,65+
33,18,2026,12,ALL,ALL,FEMALE,0-4
33,18,2026,12,ALL,ALL,MALE,0-4
33,18,2026,112,ALL,ALL,FEMALE,15-44
33,18,2026,113,ALL,ALL,MALE,15-44
33,18,2026,56,ALL,ALL,FEMALE,45-64
33,18,2026,47,ALL,ALL,MALE,45-64
33,18,2026,27,ALL,ALL,FEMALE,5-14
33,18,2026,28,ALL,ALL,MALE,5-14
33,18,2026,29,ALL,ALL,FEMALE,65+
33,18,2026,20,ALL,ALL,MALE,65+
34,9,2026,542,ALL,ALL,FEMALE,0-4
34,9,2026,571,ALL,ALL,MALE,0-4
34,9,2026,5175,ALL,ALL,FEMALE,15-44
34,9,2026,5215,ALL,ALL,MALE,15-44
34,9,2026,2548,ALL,ALL,FEMALE,45-64
34,9,2026,2156,ALL,ALL,MALE,45-64
34,9,2026,1230,ALL,ALL,FEMALE,5-14
34,9,2026,1295,ALL,ALL,MALE,5-14
34,9,2026,1312,ALL,ALL,FEMALE,65+
34,9,2026,912,ALL,ALL,MALE,65+
34,10,2026,1990,ALL,ALL,FEMALE,0-4
34,10,2026,2097,ALL,ALL,MALE,0-4
34,10,2026,19010,ALL,ALL,FEMALE,15-44
34,10,2026,19155,ALL,ALL,MALE,15-44
34,10,2026,9358,ALL,ALL,FEMALE,45-64
34,10,2026,7917,ALL,ALL,MALE,45-64
34,10,2026,4517,ALL,ALL,FEMALE,5-14
34,10,2026,4757,ALL,ALL,MALE,5-14
34,10,2026,4818,ALL,ALL,FEMALE,65+
34,10,2026,3351,ALL,ALL,MALE,65+
34,11,2026,2283,ALL,ALL,FEMALE,0-4
34,11,2026,2406,ALL,ALL,MALE,0-4
34,11,2026,21813,ALL,ALL,FEMALE,15-44
34,11,2026,21978,ALL,ALL,MALE,15-44
34,11,2026,10737,ALL,ALL,FEMALE,45-64
34,11,2026,9084,ALL,ALL,MALE,45-64
34,11,2026,5183,ALL,ALL,FEMALE,5-14
34,11,2026,5458,ALL,ALL,MALE,5-14
34,11,2026,5529,ALL,ALL,FEMALE,65+
34,11,2026,3845,ALL,ALL,MALE,65+
34,12,2026,2284,ALL,ALL,FEMALE,0-4
34,12,2026,2407,ALL,ALL,MALE,0-4
34,12,2026,21828,ALL,ALL,FEMALE,15-44
34,12,2026,21993,ALL,ALL,MALE,15-44
34,12,2026,10744,ALL,ALL,FEMALE,45-64
34,12,2026,9090,ALL,ALL,MALE,45-64
34,12,2026,5186,ALL,ALL,FEMALE,5-14
34,12,2026,5461,ALL,ALL,MALE,5-14
34,12,2026,5532,ALL,ALL,FEMALE,65+
34,12,2026,3848,ALL,ALL,MALE,65+
34,13,2026,2285,ALL,ALL,FEMALE,0-4
34,13,2026,2407,ALL,ALL,MALE,0-4
34,13,2026,21828,ALL,ALL,FEMALE,15-44
34,13,2026,21993,ALL,ALL,MALE,15-44
34,13,2026,10744,ALL,ALL,FEMALE,45-64
34,13,2026,9090,ALL,ALL,MALE,45-64
34,13,2026,5186,ALL,ALL,FEMALE,5-14
34,13,2026,5461,ALL,ALL,MALE,5-14
34,13,2026,5532,ALL,ALL,FEMALE,65+
34,13,2026,3848,ALL,ALL,MALE,65+
34,14,2026,2285,ALL,ALL,FEMALE,0-4
34,14,2026,2407,ALL,ALL,MALE,0-4
34,14,2026,21827,ALL,ALL,FEMALE,15-44
34,14,2026,21993,ALL,ALL,MALE,15-44
34,14,2026,10744,ALL,ALL,FEMALE,45-64
34,14,2026,9090,ALL,ALL,MALE,45-64
34,14,2026,5186,ALL,ALL,FEMALE,5-14
34,14,2026,5461,ALL,ALL,MALE,5-14
34,14,2026,5532,ALL,ALL,FEMALE,65+
34,14,2026,3847,ALL,ALL,MALE,65+
34,15,2026,2285,ALL,ALL,FEMALE,0-4
34,15,2026,2407,ALL,ALL,MALE,0-4
34,15,2026,21828,ALL,ALL,FEMALE,15-44
34,15,2026,21993,ALL,ALL,MALE,15-44
34,15,2026,10744,ALL,ALL,FEMALE,45-64
34,15,2026,9090,ALL,ALL,MALE,45-64
34,15,2026,5186,ALL,ALL,FEMALE,5-14
34,15,2026,5461,ALL,ALL,MALE,5-14
34,15,2026,5532,ALL,ALL,FEMALE,65+
34,15,2026,3847,ALL,ALL,MALE,65+
34,16,2026,1869,ALL,ALL,FEMALE,0-4
34,16,2026,1969,ALL,ALL,MALE,0-4
34,16,2026,17854,ALL,ALL,FEMALE,15-44
34,16,2026,17989,ALL,ALL,MALE,15-44
34,16,2026,8788,ALL,ALL,FEMALE,45-64
34,16,2026,7435,ALL,ALL,MALE,45-64
34,16,2026,4242,ALL,ALL,FEMALE,5-14
34,16,2026,4467,ALL,ALL,MALE,5-14
34,16,2026,4525,ALL,ALL,FEMALE,65+
34,16,2026,3147,ALL,ALL,MALE,65+
34,17,2026,398,ALL,ALL,FEMALE,0-4
34,17,2026,419,ALL,ALL,MALE,0-4
34,17,2026,3802,ALL,ALL,FEMALE,15-44
34,17,2026,3831,ALL,ALL,MALE,15-44
34,17,2026,1872,ALL,ALL,FEMALE,45-64
34,17,2026,1584,ALL,ALL,MALE,45-64
34,17,2026,903,ALL,ALL,FEMALE,5-14
34,17,2026,952,ALL,ALL,MALE,5-14
34,17,2026,964,ALL,ALL,FEMALE,65+
34,17,2026,670,ALL,ALL,MALE,65+
34,18,2026,42,ALL,ALL,FEMALE,0-4
34,18,2026,44,ALL,ALL,MALE,0-4
34,18,2026,403,ALL,ALL,FEMALE,15-44
34,18,2026,406,ALL,ALL,MALE,15-44
34,18,2026,199,ALL,ALL,FEMALE,45-64
34,18,2026,168,ALL,ALL,MALE,45-64
34,18,2026,96,ALL,ALL,FEMALE,5-14
34,18,2026,101,ALL,ALL,MALE,5-14
34,18,2026,102,ALL,ALL,FEMALE,65+
34,18,2026,71,ALL,ALL,MALE,65+
35,10,2026,17,ALL,ALL,FEMALE,0-4
35,10,2026,19,ALL,ALL,MALE,0-4
35,10,2026,168,ALL,ALL,FEMALE,15-44
35,10,2026,170,ALL,ALL,MALE,15-44
35,10,2026,83,ALL,ALL,FEMALE,45-64
35,10,2026,70,ALL,ALL,MALE,45-64
35,10,2026,40,ALL,ALL,FEMALE,5-14
35,10,2026,42,ALL,ALL,MALE,5-14
35,10,2026,43,ALL,ALL,FEMALE,65+
35,10,2026,30,ALL,ALL,MALE,65+
35,11,2026,1179,ALL,ALL,FEMALE,0-4
35,11,2026,1242,ALL,ALL,MALE,0-4
35,11,2026,11262,ALL,ALL,FEMALE,15-44
35,11,2026,11347,ALL,ALL,MALE,15-44
35,11,2026,5544,ALL,ALL,FEMALE,45-64
35,11,2026,4690,ALL,ALL,MALE,45-64
35,11,2026,2676,ALL,ALL,FEMALE,5-14
35,11,2026,2818,ALL,ALL,MALE,5-14
35,11,2026,2854,ALL,ALL,FEMALE,65+
35,11,2026,1985,ALL,ALL,MALE,65+
35,12,2026,2284,ALL,ALL,FEMALE,0-4
35,12,2026,2407,ALL,ALL,MALE,0-4
35,12,2026,21828,ALL,ALL,FEMALE,15-44
35,12,2026,21993,ALL,ALL,MALE,15-44
35,12,2026,10744,ALL,ALL,FEMALE,45-64
35,12,2026,9090,ALL,ALL,MALE,45-64
35,12,2026,5186,ALL,ALL,FEMALE,5-14
35,12,2026,5461,ALL,ALL,MALE,5-14
35,12,2026,5532,ALL,ALL,FEMALE,65+
35,12,2026,3848,ALL,ALL,MALE,65+
35,13,2026,2285,ALL,ALL,FEMALE,0-4
35,13,2026,2408,ALL,ALL,MALE,0-4
35,13,2026,21828,ALL,ALL,FEMALE,15-44
35,13,2026,21993,ALL,ALL,MALE,15-44
35,13,2026,10744,ALL,ALL,FEMALE,45-64
35,13,2026,9090,ALL,ALL,MALE,45-64
35,13,2026,5186,ALL,ALL,FEMALE,5-14
35,13,2026,5461,ALL,ALL,MALE,5-14
35,13,2026,5532,ALL,ALL,FEMALE,65+
35,13,2026,3848,ALL,ALL,MALE,65+
35,14,2026,2284,ALL,ALL,FEMALE,0-4
35,14,2026,2407,ALL,ALL,MALE,0-4
35,14,2026,21827,ALL,ALL,FEMALE,15-44
35,14,2026,21993,ALL,ALL,MALE,15-44
35,14,2026,10744,ALL,ALL,FEMALE,45-64
35,14,2026,9090,ALL,ALL,MALE,45-64
35,14,2026,5186,ALL,ALL,FEMALE,5-14
35,14,2026,5461,ALL,ALL,MALE,5-14
35,14,2026,5532,ALL,ALL,FEMALE,65+
35,14,2026,3847,ALL,ALL,MALE,65+
35,15,2026,2285,ALL,ALL,FEMALE,0-4
35,15,2026,2407,ALL,ALL,MALE,0-4
35,15,2026,21828,ALL,ALL,FEMALE,15-44
35,15,2026,21993,ALL,ALL,MALE,15-44
35,15,2026,10744,ALL,ALL,FEMALE,45-64
35,15,2026,9090,ALL,ALL,MALE,45-64
35,15,2026,5186,ALL,ALL,FEMALE,5-14
35,15,2026,5461,ALL,ALL,MALE,5-14
35,15,2026,5532,ALL,ALL,FEMALE,65+
35,15,2026,3848,ALL,ALL,MALE,65+
35,16,2026,2035,ALL,ALL,FEMALE,0-4
35,16,2026,2144,ALL,ALL,MALE,0-4
35,16,2026,19439,ALL,ALL,FEMALE,15-44
35,16,2026,19587,ALL,ALL,MALE,15-44
35,16,2026,9569,ALL,ALL,FEMALE,45-64
35,16,2026,8096,ALL,ALL,MALE,45-64
35,16,2026,4619,ALL,ALL,FEMALE,5-14
35,16,2026,4864,ALL,ALL,MALE,5-14
35,16,2026,4927,ALL,ALL,FEMALE,65+
35,16,2026,3427,ALL,ALL,MALE,65+
35,17,2026,691,ALL,ALL,FEMALE,0-4
35,17,2026,728,ALL,ALL,MALE,0-4
35,17,2026,6599,ALL,ALL,FEMALE,15-44
35,17,2026,6649,ALL,ALL,MALE,15-44
35,17,2026,3249,ALL,ALL,FEMALE,45-64
35,17,2026,2748,ALL,ALL,MALE,45-64
35,17,2026,1568,ALL,ALL,FEMALE,5-14
35,17,2026,1651,ALL,ALL,MALE,5-14
35,17,2026,1673,ALL,ALL,FEMALE,65+
35,17,2026,1163,ALL,ALL,MALE,65+
36,11,2026,1484,ALL,ALL,FEMALE,0-4
36,11,2026,1563,ALL,ALL,MALE,0-4
36,11,2026,14175,ALL,ALL,FEMALE,15-44
36,11,2026,14283,ALL,ALL,MALE,15-44
36,11,2026,6978,ALL,ALL,FEMALE,45-64
36,11,2026,5904,ALL,ALL,MALE,45-64
36,11,2026,3368,ALL,ALL,FEMALE,5-14
36,11,2026,3547,ALL,ALL,MALE,5-14
36,11,2026,3593,ALL,ALL,FEMALE,65+
36,11,2026,2499,ALL,ALL,MALE,65+
36,12,2026,2284,ALL,ALL,FEMALE,0-4
36,12,2026,2407,ALL,ALL,MALE,0-4
36,12,2026,21827,ALL,ALL,FEMALE,15-44
36,12,2026,21993,ALL,ALL,MALE,15-44
36,12,2026,10744,ALL,ALL,FEMALE,45-64
36,12,2026,9090,ALL,ALL,MALE,45-64
36,12,2026,5186,ALL,ALL,FEMALE,5-14
36,12,2026,5461,ALL,ALL,MALE,5-14
36,12,2026,5532,ALL,ALL,FEMALE,65+
36,12,2026,3848,ALL,ALL,MALE,65+
36,13,2026,2285,ALL,ALL,FEMALE,0-4
36,13,2026,2408,ALL,ALL,MALE,0-4
36,13,2026,21828,ALL,ALL,FEMALE,15-44
36,13,2026,21993,ALL,ALL,MALE,15-44
36,13,2026,10744,ALL,ALL,FEMALE,45-64
36,13,2026,9090,ALL,ALL,MALE,45-64
36,13,2026,5186,ALL,ALL,FEMALE,5-14
36,13,2026,5461,ALL,ALL,MALE,5-14
36,13,2026,5532,ALL,ALL,FEMALE,65+
36,13,2026,3848,ALL,ALL,MALE,65+
36,14,2026,2284,ALL,ALL,FEMALE,0-4
36,14,2026,2407,ALL,ALL,MALE,0-4
36,14,2026,21828,ALL,ALL,FEMALE,15-44
36,14,2026,21993,ALL,ALL,MALE,15-44
36,14,2026,10744,ALL,ALL,FEMALE,45-64
36,14,2026,9090,ALL,ALL,MALE,45-64
36,14,2026,5186,ALL,ALL,FEMALE,5-14
36,14,2026,5461,ALL,ALL,MALE,5-14
36,14,2026,5532,ALL,ALL,FEMALE,65+
36,14,2026,3847,ALL,ALL,MALE,65+
36,15,2026,2285,ALL,ALL,FEMALE,0-4
36,15,2026,2407,ALL,ALL,MALE,0-4
36,15,2026,21828,ALL,ALL,FEMALE,15-44
36,15,2026,21993,ALL,ALL,MALE,15-44
36,15,2026,10744,ALL,ALL,FEMALE,45-64
36,15,2026,9090,ALL,ALL,MALE,45-64
36,15,2026,5186,ALL,ALL,FEMALE,5-14
36,15,2026,5461,ALL,ALL,MALE,5-14
36,15,2026,5532,ALL,ALL,FEMALE,65+
36,15,2026,3848,ALL,ALL,MALE,65+
36,16,2026,2285,ALL,ALL,FEMALE,0-4
36,16,2026,2408,ALL,ALL,MALE,0-4
36,16,2026,21828,ALL,ALL,FEMALE,15-44
36,16,2026,21993,ALL,ALL,MALE,15-44
36,16,2026,10744,ALL,ALL,FEMALE,45-64
36,16,2026,9090,ALL,ALL,MALE,45-64
36,16,2026,5186,ALL,ALL,FEMALE,5-14
36,16,2026,5461,ALL,ALL,MALE,5-14
36,16,2026,5532,ALL,ALL,FEMALE,65+
36,16,2026,3848,ALL,ALL,MALE,65+
36,17,2026,475,ALL,ALL,FEMALE,0-4
36,17,2026,501,ALL,ALL,MALE,0-4
36,17,2026,4539,ALL,ALL,FEMALE,15-44
36,17,2026,4574,ALL,ALL,MALE,15-44
36,17,2026,2235,ALL,ALL,FEMALE,45-64
36,17,2026,1891,ALL,ALL,MALE,45-64
36,17,2026,1079,ALL,ALL,FEMALE,5-14
36,17,2026,1136,ALL,ALL,MALE,5-14
36,17,2026,1151,ALL,ALL,FEMALE,65+
36,17,2026,800,ALL,ALL,MALE,65+
37,11,2026,209,ALL,ALL,FEMALE,0-4
37,11,2026,220,ALL,ALL,MALE,0-4
37,11,2026,1996,ALL,ALL,FEMALE,15-44
37,11,2026,2012,ALL,ALL,MALE,15-44
37,11,2026,983,ALL,ALL,FEMALE,45-64
37,11,2026,832,ALL,ALL,MALE,45-64
37,11,2026,474,ALL,ALL,FEMALE,5-14
37,11,2026,500,ALL,ALL,MALE,5-14
37,11,2026,506,ALL,ALL,FEMALE,65+
37,11,2026,352,ALL,ALL,MALE,65+
37,12,2026,1728,ALL,ALL,FEMALE,0-4
37,12,2026,1821,ALL,ALL,MALE,0-4
37,12,2026,16511,ALL,ALL,FEMALE,15-44
37,12,2026,16636,ALL,ALL,MALE,15-44
37,12,2026,8127,ALL,ALL,FEMALE,45-64
37,12,2026,6876,ALL,ALL,MALE,45-64
37,12,2026,3923,ALL,ALL,FEMALE,5-14
37,12,2026,4131,ALL,ALL,MALE,5-14
37,12,2026,4185,ALL,ALL,FEMALE,65+
37,12,2026,2910,ALL,ALL,MALE,65+
37,13,2026,2285,ALL,ALL,FEMALE,0-4
37,13,2026,2408,ALL,ALL,MALE,0-4
37,13,2026,21828,ALL,ALL,FEMALE,15-44
37,13,2026,21993,ALL,ALL,MALE,15-44
37,13,2026,10744,ALL,ALL,FEMALE,45-64
37,13,2026,9090,ALL,ALL,MALE,45-64
37,13,2026,5186,ALL,ALL,FEMALE,5-14
37,13,2026,5461,ALL,ALL,MALE,5-14
37,13,2026,5532,ALL,ALL,FEMALE,65+
37,13,2026,3848,ALL,ALL,MALE,65+
37,14,2026,2285,ALL,ALL,FEMALE,0-4
37,14,2026,2407,ALL,ALL,MALE,0-4
37,14,2026,21827,ALL,ALL,FEMALE,15-44
37,14,2026,21993,ALL,ALL,MALE,15-44
37,14,2026,10744,ALL,ALL,FEMALE,45-64
37,14,2026,9090,ALL,ALL,MALE,45-64
37,14,2026,5186,ALL,ALL,FEMALE,5-14
37,14,2026,5461,ALL,ALL,MALE,5-14
37,14,2026,5532,ALL,ALL,FEMALE,65+
37,14,2026,3848,ALL,ALL,MALE,65+
37,15,2026,2285,ALL,ALL,FEMALE,0-4
37,15,2026,2407,ALL,ALL,MALE,0-4
37,15,2026,21828,ALL,ALL,FEMALE,15-44
37,15,2026,21993,ALL,ALL,MALE,15-44
37,15,2026,10744,ALL,ALL,FEMALE,45-64
37,15,2026,9090,ALL,ALL,MALE,45-64
37,15,2026,5186,ALL,ALL,FEMALE,5-14
37,15,2026,5461,ALL,ALL,MALE,5-14
37,15,2026,5532,ALL,ALL,FEMALE,65+
37,15,2026,3847,ALL,ALL,MALE,65+
37,16,2026,2285,ALL,ALL,FEMALE,0-4
37,16,2026,2407,ALL,ALL,MALE,0-4
37,16,2026,21828,ALL,ALL,FEMALE,15-44
37,16,2026,21993,ALL,ALL,MALE,15-44
37,16,2026,10744,ALL,ALL,FEMALE,45-64
37,16,2026,9090,ALL,ALL,MALE,45-64
37,16,2026,5186,ALL,ALL,FEMALE,5-14
37,16,2026,5461,ALL,ALL,MALE,5-14
37,16,2026,5532,ALL,ALL,FEMALE,65+
37,16,2026,3848,ALL,ALL,MALE,65+
37,17,2026,748,ALL,ALL,FEMALE,0-4
37,17,2026,789,ALL,ALL,MALE,0-4
37,17,2026,7150,ALL,ALL,FEMALE,15-44
37,17,2026,7204,ALL,ALL,MALE,15-44
37,17,2026,3520,ALL,ALL,FEMALE,45-64
37,17,2026,2978,ALL,ALL,MALE,45-64
37,17,2026,1699,ALL,ALL,FEMALE,5-14
37,17,2026,1789,ALL,ALL,MALE,5-14
37,17,2026,1812,ALL,ALL,FEMALE,65+
37,17,2026,1260,ALL,ALL,MALE,65+
38,12,2026,159,ALL,ALL,FEMALE,0-4
38,12,2026,168,ALL,ALL,MALE,0-4
38,12,2026,1524,ALL,ALL,FEMALE,15-44
38,12,2026,1535,ALL,ALL,MALE,15-44
38,12,2026,750,ALL,ALL,FEMALE,45-64
38,12,2026,635,ALL,ALL,MALE,45-64
38,12,2026,362,ALL,ALL,FEMALE,5-14
38,12,2026,381,ALL,ALL,MALE,5-14
38,12,2026,386,ALL,ALL,FEMALE,65+
38,12,2026,268,ALL,ALL,MALE,65+
38,13,2026,2128,ALL,ALL,FEMALE,0-4
38,13,2026,2242,ALL,ALL,MALE,0-4
38,13,2026,20328,ALL,ALL,FEMALE,15-44
38,13,2026,20482,ALL,ALL,MALE,15-44
38,13,2026,10006,ALL,ALL,FEMALE,45-64
38,13,2026,8466,ALL,ALL,MALE,45-64
38,13,2026,4830,ALL,ALL,FEMALE,5-14
38,13,2026,5086,ALL,ALL,MALE,5-14
38,13,2026,5152,ALL,ALL,FEMALE,65+
38,13,2026,3583,ALL,ALL,MALE,65+
38,14,2026,2285,ALL,ALL,FEMALE,0-4
38,14,2026,2407,ALL,ALL,MALE,0-4
38,14,2026,21828,ALL,ALL,FEMALE,15-44
38,14,2026,21993,ALL,ALL,MALE,15-44
38,14,2026,10744,ALL,ALL,FEMALE,45-64
38,14,2026,9090,ALL,ALL,MALE,45-64
38,14,2026,5186,ALL,ALL,FEMALE,5-14
38,14,2026,5461,ALL,ALL,MALE,5-14
38,14,2026,5532,ALL,ALL,FEMALE,65+
38,14,2026,3848,ALL,ALL,MALE,65+
38,15,2026,2285,ALL,ALL,FEMALE,0-4
38,15,2026,2407,ALL,ALL,MALE,0-4
38,15,2026,21828,ALL,ALL,FEMALE,15-44
38,15,2026,21993,ALL,ALL,MALE,15-44
38,15,2026,10744,ALL,ALL,FEMALE,45-64
38,15,2026,9090,ALL,ALL,MALE,45-64
38,15,2026,5186,ALL,ALL,FEMALE,5-14
38,15,2026,5461,ALL,ALL,MALE,5-14
38,15,2026,5532,ALL,ALL,FEMALE,65+
38,15,2026,3848,ALL,ALL,MALE,65+
38,16,2026,2285,ALL,ALL,FEMALE,0-4
38,16,2026,2407,ALL,ALL,MALE,0-4
38,16,2026,21828,ALL,ALL,FEMALE,15-44
38,16,2026,21993,ALL,ALL,MALE,15-44
38,16,2026,10744,ALL,ALL,FEMALE,45-64
38,16,2026,9090,ALL,ALL,MALE,45-64
38,16,2026,5186,ALL,ALL,FEMALE,5-14
38,16,2026,5461,ALL,ALL,MALE,5-14
38,16,2026,5532,ALL,ALL,FEMALE,65+
38,16,2026,3848,ALL,ALL,MALE,65+
38,17,2026,679,ALL,ALL,FEMALE,0-4
38,17,2026,716,ALL,ALL,MALE,0-4
38,17,2026,6489,ALL,ALL,FEMALE,15-44
38,17,2026,6539,ALL,ALL,MALE,15-44
38,17,2026,3194,ALL,ALL,FEMALE,45-64
38,17,2026,2703,ALL,ALL,MALE,45-64
38,17,2026,1542,ALL,ALL,FEMALE,5-14
38,17,2026,1624,ALL,ALL,MALE,5-14
38,17,2026,1645,ALL,ALL,FEMALE,65+
38,17,2026,1144,ALL,ALL,MALE,65+
39,13,2026,1376,ALL,ALL,FEMALE,0-4
39,13,2026,1450,ALL,ALL,MALE,0-4
39,13,2026,13145,ALL,ALL,FEMALE,15-44
39,13,2026,13245,ALL,ALL,MALE,15-44
39,13,2026,6471,ALL,ALL,FEMALE,45-64
39,13,2026,5475,ALL,ALL,MALE,45-64
39,13,2026,3123,ALL,ALL,FEMALE,5-14
39,13,2026,3289,ALL,ALL,MALE,5-14
39,13,2026,3332,ALL,ALL,FEMALE,65+
39,13,2026,2317,ALL,ALL,MALE,65+
39,14,2026,2285,ALL,ALL,FEMALE,0-4
39,14,2026,2407,ALL,ALL,MALE,0-4
39,14,2026,21827,ALL,ALL,FEMALE,15-44
39,14,2026,21993,ALL,ALL,MALE,15-44
39,14,2026,10744,ALL,ALL,FEMALE,45-64
39,14,2026,9090,ALL,ALL,MALE,45-64
39,14,2026,5186,ALL,ALL,FEMALE,5-14
39,14,2026,5461,ALL,ALL,MALE,5-14
39,14,2026,5532,ALL,ALL,FEMALE,65+
39,14,2026,3848,ALL,ALL,MALE,65+
39,15,2026,2285,ALL,ALL,FEMALE,0-4
39,15,2026,2407,ALL,ALL,MALE,0-4
39,15,2026,21827,ALL,ALL,FEMALE,15-44
39,15,2026,21993,ALL,ALL,MALE,15-44
39,15,2026,10744,ALL,ALL,FEMALE,45-64
39,15,2026,9090,ALL,ALL,MALE,45-64
39,15,2026,5186,ALL,ALL,FEMALE,5-14
39,15,2026,5461,ALL,ALL,MALE,5-14
39,15,2026,5532,ALL,ALL,FEMALE,65+
39,15,2026,3848,ALL,ALL,MALE,65+
39,16,2026,2279,ALL,ALL,FEMALE,0-4
39,16,2026,2402,ALL,ALL,MALE,0-4
39,16,2026,21777,ALL,ALL,FEMALE,15-44
39,16,2026,21942,ALL,ALL,MALE,15-44
39,16,2026,10720,ALL,ALL,FEMALE,45-64
39,16,2026,9069,ALL,ALL,MALE,45-64
39,16,2026,5174,ALL,ALL,FEMALE,5-14
39,16,2026,5449,ALL,ALL,MALE,5-14
39,16,2026,5519,ALL,ALL,FEMALE,65+
39,16,2026,3839,ALL,ALL,MALE,65+
39,17,2026,89,ALL,ALL,FEMALE,0-4
39,17,2026,94,ALL,ALL,MALE,0-4
39,17,2026,852,ALL,ALL,FEMALE,15-44
39,17,2026,859,ALL,ALL,MALE,15-44
39,17,2026,420,ALL,ALL,FEMALE,45-64
39,17,2026,355,ALL,ALL,MALE,45-64
39,17,2026,203,ALL,ALL,FEMALE,5-14
39,17,2026,213,ALL,ALL,MALE,5-14
39,17,2026,216,ALL,ALL,FEMALE,65+
39,17,2026,150,ALL,ALL,MALE,65+
40,13,2026,226,ALL,ALL,FEMALE,0-4
40,13,2026,238,ALL,ALL,MALE,0-4
40,13,2026,2159,ALL,ALL,FEMALE,15-44
40,13,2026,2175,ALL,ALL,MALE,15-44
40,13,2026,1063,ALL,ALL,FEMALE,45-64
40,13,2026,899,ALL,ALL,MALE,45-64
40,13,2026,513,ALL,ALL,FEMALE,5-14
40,13,2026,540,ALL,ALL,MALE,5-14
40,13,2026,547,ALL,ALL,FEMALE,65+
40,13,2026,380,ALL,ALL,MALE,65+
40,14,2026,1395,ALL,ALL,FEMALE,0-4
40,14,2026,1471,ALL,ALL,MALE,0-4
40,14,2026,13333,ALL,ALL,FEMALE,15-44
40,14,2026,13434,ALL,ALL,MALE,15-44
40,14,2026,6563,ALL,ALL,FEMALE,45-64
40,14,2026,5553,ALL,ALL,MALE,45-64
40,14,2026,3168,ALL,ALL,FEMALE,5-14
40,14,2026,3336,ALL,ALL,MALE,5-14
40,14,2026,3379,ALL,ALL,FEMALE,65+
40,14,2026,2350,ALL,ALL,MALE,65+
40,15,2026,2285,ALL,ALL,FEMALE,0-4
40,15,2026,2407,ALL,ALL,MALE,0-4
40,15,2026,21827,ALL,ALL,FEMALE,15-44
40,15,2026,21993,ALL,ALL,MALE,15-44
40,15,2026,10744,ALL,ALL,FEMALE,45-64
40,15,2026,9090,ALL,ALL,MALE,45-64
40,15,2026,5186,ALL,ALL,FEMALE,5-14
40,15,2026,5461,ALL,ALL,MALE,5-14
40,15,2026,5532,ALL,ALL,FEMALE,65+
40,15,2026,3848,ALL,ALL,MALE,65+
40,16,2026,2285,ALL,ALL,FEMALE,0-4
40,16,2026,2407,ALL,ALL,MALE,0-4
40,16,2026,21828,ALL,ALL,FEMALE,15-44
40,16,2026,21993,ALL,ALL,MALE,15-44
40,16,2026,10744,ALL,ALL,FEMALE,45-64
40,16,2026,9090,ALL,ALL,MALE,45-64
40,16,2026,5186,ALL,ALL,FEMALE,5-14
40,16,2026,5461,ALL,ALL,MALE,5-14
40,16,2026,5532,ALL,ALL,FEMALE,65+
40,16,2026,3848,ALL,ALL,MALE,65+
40,17,2026,897,ALL,ALL,FEMALE,0-4
40,17,2026,945,ALL,ALL,MALE,0-4
40,17,2026,8567,ALL,ALL,FEMALE,15-44
40,17,2026,8632,ALL,ALL,MALE,15-44
40,17,2026,4217,ALL,ALL,FEMALE,45-64
40,17,2026,3568,ALL,ALL,MALE,45-64
40,17,2026,2036,ALL,ALL,FEMALE,5-14
40,17,2026,2144,ALL,ALL,MALE,5-14
40,17,2026,2171,ALL,ALL,FEMALE,65+
40,17,2026,1510,ALL,ALL,MALE,65+
41,14,2026,696,ALL,ALL,FEMALE,0-4
41,14,2026,733,ALL,ALL,MALE,0-4
41,14,2026,6648,ALL,ALL,FEMALE,15-44
41,14,2026,6698,ALL,ALL,MALE,15-44
41,14,2026,3272,ALL,ALL,FEMALE,45-64
41,14,2026,2769,ALL,ALL,MALE,45-64
41,14,2026,1580,ALL,ALL,FEMALE,5-14
41,14,2026,1663,ALL,ALL,MALE,5-14
41,14,2026,1685,ALL,ALL,FEMALE,65+
41,14,2026,1172,ALL,ALL,MALE,65+
41,15,2026,1233,ALL,ALL,FEMALE,0-4
41,15,2026,1300,ALL,ALL,MALE,0-4
41,15,2026,11786,ALL,ALL,FEMALE,15-44
41,15,2026,11875,ALL,ALL,MALE,15-44
41,15,2026,5802,ALL,ALL,FEMALE,45-64
41,15,2026,4909,ALL,ALL,MALE,45-64
41,15,2026,2800,ALL,ALL,FEMALE,5-14
41,15,2026,2949,ALL,ALL,MALE,5-14
41,15,2026,2987,ALL,ALL,FEMALE,65+
41,15,2026,2077,ALL,ALL,MALE,65+
41,16,2026,724,ALL,ALL,FEMALE,0-4
41,16,2026,763,ALL,ALL,MALE,0-4
41,16,2026,6917,ALL,ALL,FEMALE,15-44
41,16,2026,6970,ALL,ALL,MALE,15-44
41,16,2026,3405,ALL,ALL,FEMALE,45-64
41,16,2026,2881,ALL,ALL,MALE,45-64
41,16,2026,1644,ALL,ALL,FEMALE,5-14
41,16,2026,1731,ALL,ALL,MALE,5-14
41,16,2026,1753,ALL,ALL,FEMALE,65+
41,16,2026,1219,ALL,ALL,MALE,65+
41,17,2026,216,ALL,ALL,FEMALE,0-4
41,17,2026,227,ALL,ALL,MALE,0-4
41,17,2026,2063,ALL,ALL,FEMALE,15-44
41,17,2026,2078,ALL,ALL,MALE,15-44
41,17,2026,1016,ALL,ALL,FEMALE,45-64
41,17,2026,859,ALL,ALL,MALE,45-64
41,17,2026,490,ALL,ALL,FEMALE,5-14
41,17,2026,516,ALL,ALL,MALE,5-14
41,17,2026,523,ALL,ALL,FEMALE,65+
41,17,2026,363,ALL,ALL,MALE,65+
