cell_id,area_m2,centroid_x,centroid_y
0,6721941.916764474,960189.386999089,906093.4087486452
1,3650667.129840515,961004.729404652,908663.8744176836
2,69358.57569283636,961371.5381549984,910412.361905349
41,5431188.883559169,963118.7499939849,906387.194844878
42,9000000.0,963146.6955728916,908837.5290631294
43,6551648.555047023,963481.4194792834,911616.2099773089
44,901876.6537584765,964239.2217863131,913832.4031991756
82,629180.2813683344,965243.6640851594,907040.5822621075
83,3932986.917683491,965494.9424802602,909188.3561572453
84,8798838.764648007,966117.9897877631,911867.5842375035
85,8788014.689176528,966180.291398455,914812.0357464992
86,6748422.156531447,966510.6576823444,917755.0630539849
87,2263951.61372007,967003.762181049,920140.9505114962
91,514833.1211376328,967440.3090581346,932808.2807481282
125,3619093.5033686534,968450.5492999387,912322.4701895908
126,8947610.787273582,969139.1651062955,914845.9493363053
127,9000000.0,969146.6955728916,917837.5290631294
128,8999123.620784402,969146.8406475218,920837.3848275674
129,7037599.833868123,969453.8721644904,923729.2102914127
130,4980069.755029099,969810.0808290885,926769.9158918847
131,4991738.048608855,969810.9169307776,929871.3975457522
132,8423147.693875479,969227.1080454614,932897.9842965486
133,7261629.150315286,969434.4606361651,935839.389791621
134,6688702.940365424,969475.535932518,938664.8508477191
135,2798594.6015444486,970171.4856501967,941747.7159442048
136,603043.0861423027,970451.9129375657,944040.080561664
166,5663.742967783524,970862.590034245,913311.6571784497
167,6177237.484526363,972050.1202383437,915226.7529919102
168,9000000.0,972146.6955728916,917837.5290631294
169,8916113.666019442,972133.2430444258,920838.9867363481
170,9000000.0,972146.6955728916,923837.5290631294
171,9000000.0,972146.6955728916,926837.5290631294
172,9000000.0,972146.6955728916,929837.5290631294
173,9000000.0,972146.6955728916,932837.5290631294
174,9000000.0,972146.6955728916,935837.5290631294
175,9000000.0,972146.6955728916,938837.5290631294
176,9000000.0,972146.6955728916,941837.5290631294
177,8573098.902181756,972208.2874739066,944780.8881158797
178,3297150.5098443823,972602.6522381513,947176.8095141524
208,4758380.292007297,974651.4150620303,915138.245224869
209,2207899.11938048,974084.4597708039,917554.7594940497
210,2806896.1992301643,974974.7503601522,921766.9648938323
211,9000000.0,975146.6955728916,923837.5290631294
212,9000000.0,975146.6955728916,926837.5290631294
213,9000000.0,975146.6955728916,929837.5290631294
214,9000000.0,975146.6955728916,932837.5290631294
215,9000000.0,975146.6955728916,935837.5290631294
216,9000000.0,975146.6955728916,938837.5290631294
217,9000000.0,975146.6955728916,941837.5290631294
218,7797174.708665223,975035.0549638359,944660.046113219
219,515796.9584380213,973983.8406024732,946679.0749256394
251,8225.42802582947,976694.2875431612,922299.1034879957
252,2913316.207510537,977229.1282516336,924211.6250872227
253,7856574.842087055,978024.782060018,926997.5162191872
254,9000000.0,978146.6955728917,929837.5290631294
255,9000000.0,978146.6955728917,932837.5290631294
256,9000000.0,978146.6955728917,935837.5290631294
257,9000000.0,978146.6955728917,938837.5290631294
258,9000000.0,978146.6955728917,941837.5290631294
259,4658371.677829343,977887.2623511539,944188.4455285477
294,1058247.1688800233,979916.763319202,927298.8915725824
295,5916926.797545924,980717.6998703099,930060.8384519881
296,8966947.372491378,981141.4878836597,932842.7473780748
297,9000000.0,981146.6955728917,935837.5290631294
298,9000000.0,981146.6955728917,938837.5290631294
299,9000000.0,981146.6955728917,941837.5290631294
300,6624821.001746908,981436.6162878358,944581.6181045346
301,3622244.590918272,982036.5666070788,947756.1272496964
302,3297709.8867642023,982092.6146901837,950768.2548409405
303,2543715.490899352,982205.4974594702,953918.3179782621
304,835252.6300007668,982170.8741614835,955770.4038755376
337,1260879.6889163163,983020.2275077712,933562.1240570521
338,7574888.630006699,983989.4916090663,936025.0581774353
339,9000000.0,984146.6955728917,938837.5290631294
340,9000000.0,984146.6955728917,941837.5290631294
341,9000000.0,984146.6955728917,944837.5290631294
342,9000000.0,984146.6955728917,947837.5290631294
343,9000000.0,984146.6955728917,950837.5290631294
344,9000000.0,984146.6955728917,953837.5290631294
345,8788730.956062673,984179.6959230655,956810.570012331
346,3455699.8291481924,984854.6985273695,959327.5321469824
347,217317.7500943904,985410.2882270757,963347.2393281169
348,3292761.6456793994,985078.617262541,965739.0067162391
349,3057421.049972386,985128.1249520892,968949.1835182443
350,4208561.833870431,984941.4170464497,971897.9401664737
351,3256076.4612067137,985034.8048072244,974546.8414079356
352,1203942.1501426576,985407.821562346,977584.0023359434
353,2918.0571355418906,985628.0468396808,979372.3923923672
360,2651751.191598284,984975.6384462419,1002454.7174128459
361,2134019.132302865,984941.4849474457,1004169.7136197115
379,5600912.697614539,987242.9443243433,936386.1677369857
380,9000000.0,987146.6955728917,938837.5290631294
381,9000000.0,987146.6955728917,941837.5290631294
382,9000000.0,987146.6955728917,944837.5290631294
383,9000000.0,987146.6955728917,947837.5290631294
384,9000000.0,987146.6955728917,950837.5290631294
385,9000000.0,987146.6955728917,953837.5290631294
386,9000000.0,987146.6955728917,956837.5290631294
387,8991561.021996254,987148.077420146,959836.5458120146
388,8832526.601487854,987173.8359547835,962838.487671322
389,9000000.0,987146.6955728917,965837.5290631294
390,9000000.0,987146.6955728917,968837.5290631294
391,9000000.0,987146.6955728917,971837.5290631294
392,9000000.0,987146.6955728917,974837.5290631294
393,9000000.0,987146.6955728917,977837.5290631296
394,6692110.32047112,987471.8835903013,980645.8510066113
395,2963501.080707538,988106.6337925364,983581.2156618959
396,725005.8844791459,988469.0294805423,986290.3596208049
397,258193.93645762332,988507.8040990244,990699.7978636695
398,1032740.9149184937,988364.3950135265,992481.9051642439
400,715525.8155692789,988240.0005077774,999860.1602151636
401,8866601.859866701,987163.7948310866,1001858.7288030564
402,7838427.67744991,987212.5506725303,1004669.3901822567
403,69508.39777186186,987209.2665800116,1006413.9113581018
420,4667636.857867901,990135.9741037377,936548.2231217048
421,9000000.0,990146.6955728917,938837.5290631294
422,9000000.0,990146.6955728917,941837.5290631294
423,9000000.0,990146.6955728917,944837.5290631294
424,9000000.0,990146.6955728917,947837.5290631294
425,9000000.0,990146.6955728917,950837.5290631294
426,9000000.0,990146.6955728917,953837.5290631294
427,9000000.0,990146.6955728917,956837.5290631294
428,9000000.0,990146.6955728917,959837.5290631294
429,9000000.0,990146.6955728917,962837.5290631294
430,9000000.0,990146.6955728917,965837.5290631294
431,9000000.0,990146.6955728917,968837.5290631294
432,9000000.0,990146.6955728917,971837.5290631294
433,9000000.0,990146.6955728917,974837.5290631294
434,9000000.0,990146.6955728917,977837.5290631296
435,9000000.0,990146.6955728917,980837.5290631296
436,9000000.0,990146.6955728917,983837.5290631296
437,8913295.479730088,990160.6017750048,986826.6767098395
438,8494527.990229297,990221.2455828369,989818.7240345358
439,8498815.260543287,990217.4226463361,992773.0963128295
440,7880859.476185946,990328.6982222815,995875.551201803
441,8741583.10387075,990184.4379105658,998873.6581415819
442,9000000.0,990146.6955728917,1001837.5290631296
443,8993978.15379854,990147.6662448269,1004836.5425849381
444,4643450.469746501,990702.3313746045,1007819.619186941
445,5844706.327345166,990614.9618620013,1010811.6190608634
446,823218.6036648462,991326.5822157884,1013453.4305460721
461,2334174.5611903127,992201.1677228926,936385.0802919073
462,7603316.898497585,992944.397337147,938967.2523802359
463,8157186.998128971,993023.0500692322,941748.1657043252
464,8427722.25505736,993061.6879334801,944903.383529545
465,9000000.0,993146.6955728917,947837.5290631294
466,9000000.0,993146.6955728917,950837.5290631294
467,8999424.982697431,993146.5998765662,953837.4669545903
468,6168104.033174233,992731.3581793399,956644.8002222497
469,3835539.4172759415,992349.22577111,959589.8379287532
470,1510585.5723614919,992021.646069956,963342.4108451377
471,5729694.703135537,992667.5622636094,966062.4582788501
472,8877443.341182223,993127.7294627421,968855.2332464055
473,9000000.0,993146.6955728917,971837.5290631294
474,9000000.0,993146.6955728917,974837.5290631294
475,9000000.0,993146.6955728917,977837.5290631296
476,9000000.0,993146.6955728917,980837.5290631296
477,9000000.0,993146.6955728917,983837.5290631296
478,9000000.0,993146.6955728917,986837.5290631296
479,9000000.0,993146.6955728917,989837.5290631296
480,9000000.0,993146.6955728917,992837.5290631296
481,9000000.0,993146.6955728917,995837.5290631296
482,9000000.0,993146.6955728917,998837.5290631296
483,9000000.0,993146.6955728917,1001837.5290631296
484,9000000.0,993146.6955728917,1004837.5290631296
485,9000000.0,993146.6955728917,1007837.5290631296
486,9000000.0,993146.6955728917,1010837.5290631296
487,6807788.063982192,993231.2605512444,1013493.4178226622
488,628281.4572805805,994391.2746005952,1016087.9591638239
503,11104.002022484416,994680.0384117162,940261.6408487079
504,59631.91084927869,994687.2234238628,940677.5421761177
505,3061237.820539352,995813.1829560171,945749.903897147
506,7281431.069231696,995971.6555012031,947603.4602020351
507,3718797.4257632294,995273.2790463768,950914.926035286
508,3267703.725536753,995491.2227752523,953293.7004163449
509,43055.15773550041,994704.6909174932,955564.580411825
513,3029017.7913608435,995407.3371899112,969444.5301507594
514,8035192.281880818,996004.1746821789,971932.7797006769
515,8622346.99114921,996100.4299076535,974780.8326791291
516,4082871.249663531,995338.6715803624,977758.1760740913
517,4200939.619713238,995348.3034611313,980867.8419855451
518,7234169.900632095,995906.9304730137,984015.890160634
519,9000000.0,996146.6955728917,986837.5290631296
520,9000000.0,996146.6955728917,989837.5290631296
521,9000000.0,996146.6955728917,992837.5290631296
522,9000000.0,996146.6955728917,995837.5290631296
523,9000000.0,996146.6955728917,998837.5290631296
524,9000000.0,996146.6955728917,1001837.5290631296
525,9000000.0,996146.6955728917,1004837.5290631296
526,9000000.0,996146.6955728917,1007837.5290631296
527,9000000.0,996146.6955728917,1010837.5290631296
528,9000000.0,996146.6955728917,1013837.5290631296
529,8381712.049410518,996236.8763347425,1016768.2970842576
530,5420021.131850216,996731.8816480871,1019779.4500285194
531,890053.9111969422,997159.4729622557,1021769.0744368222
546,3461.4533728210167,997661.0456004479,946278.6804549764
547,522062.454851056,997952.389275868,947265.8659162946
555,82921.46005076091,997706.9507831488,973001.8334325709
556,667658.2315171682,997835.1811960131,974439.2302765301
559,1531208.944994153,998652.7413101499,984981.9378812006
560,7942472.671179249,998976.6761691038,986887.0359917277
561,9000000.0,999146.6955728917,989837.5290631296
562,9000000.0,999146.6955728917,992837.5290631296
563,9000000.0,999146.6955728917,995837.5290631296
564,9000000.0,999146.6955728917,998837.5290631296
565,9000000.0,999146.6955728917,1001837.5290631296
566,9000000.0,999146.6955728917,1004837.5290631296
567,9000000.0,999146.6955728917,1007837.5290631296
568,9000000.0,999146.6955728917,1010837.5290631296
569,9000000.0,999146.6955728917,1013837.5290631296
570,9000000.0,999146.6955728917,1016837.5290631296
571,9000000.0,999146.6955728917,1019837.5290631296
572,5497490.636020009,999597.9816248156,1022588.9954910423
573,2741019.7493840903,999972.4207197422,1025427.897887394
601,401000.977101827,1001079.8632788884,988116.7363974403
602,5600583.243212315,1001714.9939372455,990137.1649365198
603,9000000.0,1002146.6955728917,992837.5290631296
604,9000000.0,1002146.6955728917,995837.5290631296
605,9000000.0,1002146.6955728917,998837.5290631296
606,9000000.0,1002146.6955728917,1001837.5290631296
607,9000000.0,1002146.6955728917,1004837.5290631296
608,9000000.0,1002146.6955728917,1007837.5290631296
609,9000000.0,1002146.6955728917,1010837.5290631296
610,9000000.0,1002146.6955728917,1013837.5290631296
611,9000000.0,1002146.6955728917,1016837.5290631296
612,9000000.0,1002146.6955728917,1019837.5290631296
613,9000000.0,1002146.6955728917,1022837.5290631296
614,4859585.046350655,1002155.3449097476,1025167.9200279363
643,238955.26303745844,1003787.4611114044,990933.8828248964
644,2723756.1009620936,1004175.3366111752,993181.6711345677
645,7117036.195702917,1004917.9119633348,996043.1888792451
646,9000000.0,1005146.6955728917,998837.5290631296
647,9000000.0,1005146.6955728917,1001837.5290631296
648,7361449.317250771,1004956.0373967363,1004647.2187862615
649,8015325.298421767,1005024.207228842,1007963.5307459122
650,9000000.0,1005146.6955728917,1010837.5290631296
651,9000000.0,1005146.6955728917,1013837.5290631296
652,9000000.0,1005146.6955728917,1016837.5290631296
653,8979150.03529199,1005143.2940279028,1019839.464194577
654,9000000.0,1005146.6955728917,1022837.5290631296
655,2852080.270216004,1004880.6048899373,1024867.3667757999
686,1736343.5618363505,1007303.5693715381,996683.7301901683
687,5113320.158845484,1007542.9791263558,999010.9278367137
688,8025151.356632501,1007996.5030967306,1001884.7709038561
689,1567717.1366634264,1007494.8084242028,1003943.4778240533
690,2720955.322721463,1007379.3282650723,1008456.9355626282
691,1871682.8841288304,1006981.0493363441,1010701.4511959235
692,2948152.5480534406,1007149.9518875644,1013944.3521751569
693,2675684.0608059973,1007130.8708249958,1016633.6537517884
694,351431.47857513773,1006725.5833669651,1020127.6965940136
695,3532585.7236006567,1007393.8108984893,1023178.5712782628
696,850552.0349599288,1007393.0195625847,1024622.4666689966
729,46328.09888106252,1009751.6850150267,1003239.4413743768
730,166271.48391397193,1009859.1821278732,1003550.0119643367
