year,month,n_total,n_flag_iqr15,n_flag_iqr30,mean_value,std_value,variable,pct_flag_iqr15,pct_flag_iqr30
2020,1,254,0,0,1.4800730063673737,0.07359194292618465,Vel_viento_idw,0.0,0.0
2020,2,254,0,0,1.3505051413218325,0.035659952798342665,Vel_viento_idw,0.0,0.0
2020,3,254,0,0,1.0370311583745797,0.04224722649466159,Vel_viento_idw,0.0,0.0
2020,4,254,0,0,0.8910267988431028,0.002204203121460577,Vel_viento_idw,0.0,0.0
2020,5,254,0,0,1.1434106034567117,0.00248861642745532,Vel_viento_idw,0.0,0.0
2020,6,254,0,0,1.2432680086285766,0.0023266588504306756,Vel_viento_idw,0.0,0.0
2020,7,254,0,0,1.1344780269400694,0.010132224026069087,Vel_viento_idw,0.0,0.0
2020,8,254,0,0,1.1114329811302717,0.011850554416455028,Vel_viento_idw,0.0,0.0
2020,9,254,0,0,1.1249849483729966,0.028654640578987842,Vel_viento_idw,0.0,0.0
2020,10,254,0,0,1.2580929270401366,0.0522016922044838,Vel_viento_idw,0.0,0.0
2020,11,254,5,0,0.7889623608337176,0.059452256414951485,Vel_viento_idw,1.968503937007874,0.0
2020,12,254,0,0,0.8624558482493891,0.025004669818719724,Vel_viento_idw,0.0,0.0
2021,1,254,0,0,1.064773925606841,0.01711430162648314,Vel_viento_idw,0.0,0.0
2021,2,254,0,0,1.03474978948759,0.033282533163055135,Vel_viento_idw,0.0,0.0
2021,3,254,0,0,0.9246157758123628,0.025547435761271785,Vel_viento_idw,0.0,0.0
2021,4,254,0,0,0.9468447749138295,0.008765498833042128,Vel_viento_idw,0.0,0.0
2021,5,254,0,0,1.1770195836131705,0.009276447548267494,Vel_viento_idw,0.0,0.0
2021,6,254,0,0,1.1062329611637896,0.019427626068555304,Vel_viento_idw,0.0,0.0
2021,7,254,241,0,1.637227203844239,0.0063000472654012474,Vel_viento_idw,94.88188976377953,0.0
2021,8,254,0,0,1.2637146244630137,0.0005456733851924487,Vel_viento_idw,0.0,0.0
2021,9,254,0,0,1.2809661635116234,0.0012815056773454235,Vel_viento_idw,0.0,0.0
2021,10,254,0,0,0.8547491125872417,0.0014385934700523108,Vel_viento_idw,0.0,0.0
2021,11,254,0,0,0.8952338513903083,0.02245197946709051,Vel_viento_idw,0.0,0.0
2021,12,254,0,0,1.0273423198609406,0.03517113000920734,Vel_viento_idw,0.0,0.0
2022,1,254,0,0,1.1650552789897828,0.046531057755481456,Vel_viento_idw,0.0,0.0
2022,2,254,0,0,0.8925308624335111,0.012357376174401646,Vel_viento_idw,0.0,0.0
2022,3,254,0,0,0.8816420351834445,0.014534754714665397,Vel_viento_idw,0.0,0.0
2022,4,254,0,0,0.9915339168830579,0.012097413594140106,Vel_viento_idw,0.0,0.0
2022,5,254,0,0,0.9896507998196824,0.007788247406834468,Vel_viento_idw,0.0,0.0
2022,6,254,0,0,0.9078179974979903,0.001691587494095808,Vel_viento_idw,0.0,0.0
2022,7,254,0,0,1.1406043287298098,0.007738640735453126,Vel_viento_idw,0.0,0.0
2022,8,254,0,0,1.2137029238601391,0.007341787364404446,Vel_viento_idw,0.0,0.0
2022,9,254,0,0,1.0046385911658788,0.003588215896567091,Vel_viento_idw,0.0,0.0
2022,10,254,0,0,1.047389983781974,0.04851532461072582,Vel_viento_idw,0.0,0.0
2022,11,254,0,0,0.9524167441188363,0.06602317249683244,Vel_viento_idw,0.0,0.0
2022,12,254,0,0,0.931561781876269,0.028325409358614082,Vel_viento_idw,0.0,0.0
2023,1,254,0,0,0.9592357149601548,0.02405923561983843,Vel_viento_idw,0.0,0.0
2023,2,254,0,0,0.9936397629163284,0.013950104659102302,Vel_viento_idw,0.0,0.0
2023,3,254,0,0,0.8641170637136438,0.023910415605695283,Vel_viento_idw,0.0,0.0
2023,4,254,0,0,0.8956865457993307,0.013891521542423716,Vel_viento_idw,0.0,0.0
2023,5,254,0,0,1.1135793255699689,0.0066472939650688775,Vel_viento_idw,0.0,0.0
2023,6,254,0,0,1.601485393601813,0.013430179498579317,Vel_viento_idw,0.0,0.0
2023,7,254,254,0,1.7136912232572643,0.014137901343616564,Vel_viento_idw,100.0,0.0
2023,8,254,0,0,1.5815259741607195,0.03407978323882281,Vel_viento_idw,0.0,0.0
2023,9,254,0,0,1.4254669733434606,0.02978219194150578,Vel_viento_idw,0.0,0.0
2023,10,254,0,0,0.905501302322505,0.02133086869387734,Vel_viento_idw,0.0,0.0
2023,11,254,0,0,0.985166747061348,0.01337891927148541,Vel_viento_idw,0.0,0.0
2023,12,254,0,0,1.0192227581460394,0.027482095945135097,Vel_viento_idw,0.0,0.0
2024,1,254,0,0,1.3542764697193634,0.018850535124821887,Vel_viento_idw,0.0,0.0
2024,2,254,0,0,1.2050160309910745,0.029430440728000034,Vel_viento_idw,0.0,0.0
2024,3,254,0,0,1.1549018428350497,0.01666784158405289,Vel_viento_idw,0.0,0.0
2024,4,254,0,0,0.9816066214102441,0.0032806545340041413,Vel_viento_idw,0.0,0.0
2024,5,254,0,0,0.9717716033246006,0.01969384853830084,Vel_viento_idw,0.0,0.0
2024,6,254,0,0,1.131434842798463,0.003844517032035897,Vel_viento_idw,0.0,0.0
2024,7,254,0,0,1.495035885516854,0.0071929673502609546,Vel_viento_idw,0.0,0.0
2024,8,254,0,0,1.4642591939672094,0.02341434889188401,Vel_viento_idw,0.0,0.0
2024,9,254,0,0,1.4324630790886137,0.019325105614367757,Vel_viento_idw,0.0,0.0
2024,10,254,0,0,1.1341417211306344,0.013691441301186394,Vel_viento_idw,0.0,0.0
2024,11,254,0,0,0.9666835417710026,0.04531404075093156,Vel_viento_idw,0.0,0.0
2024,12,254,0,0,0.9000415384674377,0.022372608792880798,Vel_viento_idw,0.0,0.0
2020,1,254,66,57,-1.0927391974657053e-17,2.295107261628672,diff_NO2_grid,25.984251968503937,22.440944881889763
2020,2,254,79,63,-4.370956789862821e-19,3.5496305347652872,diff_NO2_grid,31.10236220472441,24.80314960629921
2020,3,254,76,53,8.523365740232501e-18,2.331947759139019,diff_NO2_grid,29.921259842519685,20.866141732283463
2020,4,254,44,30,1.049029629567077e-17,2.2980904052667985,diff_NO2_grid,17.322834645669293,11.811023622047244
2020,5,254,70,54,-2.1417688270327822e-17,2.811845026587589,diff_NO2_grid,27.559055118110237,21.25984251968504
2020,6,254,69,53,8.632639659979072e-18,2.4872771218362657,diff_NO2_grid,27.165354330708663,20.866141732283463
2020,7,254,73,59,-8.086270061246218e-18,2.339217259153583,diff_NO2_grid,28.74015748031496,23.228346456692915
2020,8,254,75,60,2.338461882576609e-17,2.164032451773842,diff_NO2_grid,29.52755905511811,23.62204724409449
2020,9,254,84,65,2.4258810183738657e-17,2.5455767448947433,diff_NO2_grid,33.07086614173228,25.590551181102363
2020,10,254,71,55,1.3112870369588463e-17,2.1886738938908157,diff_NO2_grid,27.95275590551181,21.653543307086615
2020,11,254,86,70,-2.4586631942978367e-18,3.105361138526981,diff_NO2_grid,33.85826771653543,27.559055118110237
2020,12,254,71,65,-1.5735444443506155e-17,2.606968526611624,diff_NO2_grid,27.95275590551181,25.590551181102363
2021,1,254,48,38,2.5133001541711222e-18,1.9101871760290188,diff_NO2_grid,18.89763779527559,14.960629921259843
2021,2,254,66,55,6.556435184794231e-19,2.600097546143629,diff_NO2_grid,25.984251968503937,21.653543307086615
2021,3,254,52,38,5.969087866156415e-18,2.449038634403523,diff_NO2_grid,20.47244094488189,14.960629921259843
2021,4,254,89,78,-2.5788645060190644e-17,2.927154264758781,diff_NO2_grid,35.039370078740156,30.708661417322833
2021,5,254,76,49,-1.4424157406547308e-17,2.5309822045818895,diff_NO2_grid,29.921259842519685,19.291338582677167
2021,6,254,87,75,3.507692823864914e-17,3.620359724976318,diff_NO2_grid,34.25196850393701,29.52755905511811
2021,7,254,95,84,1.7483827159451284e-18,4.3842609196374625,diff_NO2_grid,37.40157480314961,33.07086614173228
2021,8,254,132,122,-2.7974123455122054e-17,5.718717151532332,diff_NO2_grid,51.968503937007874,48.031496062992126
2021,9,254,133,121,-3.496765431890257e-18,5.000076136588614,diff_NO2_grid,52.36220472440945,47.63779527559055
2021,10,254,100,86,-6.556435184794231e-19,4.735492621093912,diff_NO2_grid,39.37007874015748,33.85826771653543
2021,11,254,88,73,3.375198196172197e-17,3.52405257447552,diff_NO2_grid,34.645669291338585,28.74015748031496
2021,12,254,86,79,2.502372762196465e-17,3.3875917487210265,diff_NO2_grid,33.85826771653543,31.10236220472441
2022,1,254,89,79,-1.016247453643106e-17,3.634262781403447,diff_NO2_grid,35.039370078740156,31.10236220472441
2022,2,254,86,68,8.250180940866075e-18,3.229149271113502,diff_NO2_grid,33.85826771653543,26.771653543307085
2022,3,254,92,81,5.086700964202858e-17,4.6008307689281285,diff_NO2_grid,36.22047244094488,31.88976377952756
2022,4,254,98,81,7.26671566314694e-18,4.738789357740611,diff_NO2_grid,38.58267716535433,31.88976377952756
2022,5,254,97,82,1.2675774690602182e-17,4.471705650179798,diff_NO2_grid,38.188976377952756,32.28346456692913
2022,6,254,124,94,1.3549966048574746e-17,3.728684545299161,diff_NO2_grid,48.818897637795274,37.00787401574803
2022,7,254,121,100,6.556435184794231e-19,3.5990590634029767,diff_NO2_grid,47.63779527559055,39.37007874015748
2022,8,254,126,106,1.4424157406547308e-17,4.489401737933663,diff_NO2_grid,49.60629921259842,41.732283464566926
2022,9,254,92,77,-1.3877787807814457e-17,5.01327396206197,diff_NO2_grid,36.22047244094488,30.31496062992126
2022,10,254,103,89,-1.4314883486800738e-17,5.433877465263098,diff_NO2_grid,40.55118110236221,35.039370078740156
2022,11,254,92,80,4.370956789862821e-19,5.6265558899405175,diff_NO2_grid,36.22047244094488,31.496062992125985
2022,12,254,80,73,-1.0053200616684489e-17,6.098978132051904,diff_NO2_grid,31.496062992125985,28.74015748031496
2023,1,254,97,79,6.993530863780514e-18,5.725066665508389,diff_NO2_grid,38.188976377952756,31.10236220472441
2023,2,254,102,77,-2.7974123455122054e-17,6.450694989642339,diff_NO2_grid,40.15748031496063,30.31496062992126
2023,3,254,104,89,1.5953992282999296e-17,5.931829608077883,diff_NO2_grid,40.94488188976378,35.039370078740156
2023,4,254,101,85,2.098059259134154e-17,5.278796172505001,diff_NO2_grid,39.76377952755905,33.46456692913386
2023,5,254,96,81,2.7974123455122054e-17,5.000732850633634,diff_NO2_grid,37.79527559055118,31.88976377952756
2023,6,254,93,80,3.496765431890257e-17,4.769665651075866,diff_NO2_grid,36.61417322834646,31.496062992125985
2023,7,254,93,77,1.7702374998944425e-17,4.350671206122061,diff_NO2_grid,36.61417322834646,30.31496062992126
2023,8,254,93,79,-1.7046731480465003e-17,4.260688944981485,diff_NO2_grid,36.61417322834646,31.10236220472441
2023,9,254,102,95,6.993530863780514e-18,6.321297834953372,diff_NO2_grid,40.15748031496063,37.40157480314961
2023,10,254,103,88,-2.7755575615628914e-17,5.49603724057403,diff_NO2_grid,40.55118110236221,34.645669291338585
2023,11,254,123,85,2.294752314677981e-17,4.305674313957811,diff_NO2_grid,48.425196850393704,33.46456692913386
2023,12,254,115,100,-6.5564351847942314e-18,3.9271263058300634,diff_NO2_grid,45.275590551181104,39.37007874015748
2024,1,254,100,78,-4.0212802466737956e-17,4.581865115668741,diff_NO2_grid,39.37007874015748,30.708661417322833
2024,2,254,96,77,-3.496765431890257e-17,4.075007631876646,diff_NO2_grid,37.79527559055118,30.31496062992126
2024,3,254,71,56,8.960461419218783e-18,4.371105641637852,diff_NO2_grid,27.95275590551181,22.04724409448819
2024,4,254,99,84,4.196118518268308e-17,5.13268209002454,diff_NO2_grid,38.976377952755904,33.07086614173228
2024,5,254,102,88,-8.30481790073936e-18,5.6249174315394495,diff_NO2_grid,40.15748031496063,34.645669291338585
2024,6,254,129,111,2.316607098627295e-17,4.520694490560554,diff_NO2_grid,50.78740157480315,43.7007874015748
2024,7,254,95,80,-1.5298348764519873e-18,4.706567951640837,diff_NO2_grid,37.40157480314961,31.496062992125985
2024,8,254,72,64,-3.474910647940943e-17,4.951804510113767,diff_NO2_grid,28.346456692913385,25.19685039370079
2024,9,254,84,59,-7.430626542766796e-18,3.6203348985366426,diff_NO2_grid,33.07086614173228,23.228346456692915
2024,10,254,89,53,9.834652777191347e-18,3.599286901249126,diff_NO2_grid,35.039370078740156,20.866141732283463
2024,11,254,94,84,-2.7646301695882343e-17,5.415951618328917,diff_NO2_grid,37.00787401574803,33.07086614173228
2024,12,254,73,60,-2.5788645060190644e-17,3.322587198577416,diff_NO2_grid,28.74015748031496,23.62204724409449
2020,1,254,12,9,9.301349070031045e-05,0.00017730724481661663,grad_NO2_grid,4.724409448818897,3.543307086614173
2020,2,254,36,13,0.00013491068301162243,0.00023989434477667435,grad_NO2_grid,14.173228346456693,5.118110236220472
2020,3,254,23,9,0.00010829074975510939,0.00020405659118087708,grad_NO2_grid,9.05511811023622,3.543307086614173
2020,4,254,12,8,5.900709861476285e-05,0.00014670971309342586,grad_NO2_grid,4.724409448818897,3.1496062992125986
2020,5,254,15,9,8.30478092491319e-05,0.00016671962529060232,grad_NO2_grid,5.905511811023622,3.543307086614173
2020,6,254,14,7,7.557655149442334e-05,0.0001496304960093985,grad_NO2_grid,5.511811023622047,2.7559055118110236
2020,7,254,16,8,8.811264679391633e-05,0.00016432378525783518,grad_NO2_grid,6.299212598425197,3.1496062992125986
2020,8,254,14,8,8.758564220243532e-05,0.00015411365586313525,grad_NO2_grid,5.511811023622047,3.1496062992125986
2020,9,254,25,7,0.0001131092739515784,0.00019537198270737463,grad_NO2_grid,9.84251968503937,2.7559055118110236
2020,10,254,17,6,8.914800142104546e-05,0.0001508840493439934,grad_NO2_grid,6.692913385826771,2.3622047244094486
2020,11,254,24,11,0.0001065172565121257,0.00020925378446324226,grad_NO2_grid,9.448818897637794,4.330708661417323
2020,12,254,29,16,0.00011886863997387702,0.000211111269583597,grad_NO2_grid,11.417322834645669,6.299212598425197
2021,1,254,7,0,4.6096047124214606e-05,8.478490617168984e-05,grad_NO2_grid,2.7559055118110236,0.0
2021,2,254,18,1,7.827059389443773e-05,0.00012681400997576655,grad_NO2_grid,7.086614173228346,0.3937007874015748
2021,3,254,13,1,6.007073591819702e-05,0.00010220728563197369,grad_NO2_grid,5.118110236220472,0.3937007874015748
2021,4,254,24,3,8.489962860257833e-05,0.0001397359252802376,grad_NO2_grid,9.448818897637794,1.1811023622047243
2021,5,254,18,2,7.459305320673324e-05,0.00012523394721012719,grad_NO2_grid,7.086614173228346,0.7874015748031497
2021,6,254,25,10,9.409641944061629e-05,0.00016440780484179517,grad_NO2_grid,9.84251968503937,3.937007874015748
2021,7,254,36,16,0.00012086968452679934,0.00019764507902567664,grad_NO2_grid,14.173228346456693,6.299212598425197
2021,8,254,44,22,0.0001686149630315934,0.0002469271453689624,grad_NO2_grid,17.322834645669293,8.661417322834646
2021,9,254,45,22,0.00016745702703512612,0.00021377026572135457,grad_NO2_grid,17.716535433070867,8.661417322834646
2021,10,254,39,15,0.00012351668663557308,0.00019989663993311133,grad_NO2_grid,15.354330708661417,5.905511811023622
2021,11,254,27,9,9.185994413445378e-05,0.00015763819027845134,grad_NO2_grid,10.62992125984252,3.543307086614173
2021,12,254,27,12,9.55834015908529e-05,0.00017382112931236588,grad_NO2_grid,10.62992125984252,4.724409448818897
2022,1,254,32,12,0.00010894385698058638,0.0001825975518452585,grad_NO2_grid,12.598425196850394,4.724409448818897
2022,2,254,7,3,5.3348612261327546e-05,0.00012253777751348934,grad_NO2_grid,2.7559055118110236,1.1811023622047243
2022,3,254,34,14,0.00011798028086002956,0.0002031230471989339,grad_NO2_grid,13.385826771653543,5.511811023622047
2022,4,254,35,11,0.00011831209770906264,0.0001965093214819595,grad_NO2_grid,13.779527559055119,4.330708661417323
2022,5,254,37,13,0.00011768254380780283,0.00018991528954650605,grad_NO2_grid,14.566929133858268,5.118110236220472
2022,6,254,35,12,0.00012234171824282347,0.00018000865856538718,grad_NO2_grid,13.779527559055119,4.724409448818897
2022,7,254,30,12,0.00011327823657510054,0.00017167643702072885,grad_NO2_grid,11.811023622047244,4.724409448818897
2022,8,254,35,16,0.00013085102000991955,0.0001928299000697513,grad_NO2_grid,13.779527559055119,6.299212598425197
2022,9,254,35,20,0.0001412567453909362,0.0002397625620867234,grad_NO2_grid,13.779527559055119,7.874015748031496
2022,10,254,43,26,0.00014669323571450966,0.00024910414139329046,grad_NO2_grid,16.929133858267715,10.236220472440944
2022,11,254,38,24,0.00013432196394763844,0.00025439625577171674,grad_NO2_grid,14.960629921259843,9.448818897637794
2022,12,254,45,27,0.00014495145052017953,0.0002670479103529717,grad_NO2_grid,17.716535433070867,10.62992125984252
2023,1,254,41,24,0.00013599463646419,0.00024746669924510285,grad_NO2_grid,16.141732283464567,9.448818897637794
2023,2,254,45,30,0.00015834539606443833,0.00026471013298063386,grad_NO2_grid,17.716535433070867,11.811023622047244
2023,3,254,44,24,0.00014681069386150125,0.0002492094750521493,grad_NO2_grid,17.322834645669293,9.448818897637794
2023,4,254,39,19,0.00013976164834955318,0.0002320815213419337,grad_NO2_grid,15.354330708661417,7.480314960629921
2023,5,254,39,18,0.00012427576609399228,0.00020982733281807206,grad_NO2_grid,15.354330708661417,7.086614173228346
2023,6,254,42,18,0.00012352147483337344,0.00020005809238725112,grad_NO2_grid,16.53543307086614,7.086614173228346
2023,7,254,39,17,0.00011571702440940207,0.00018654415606886017,grad_NO2_grid,15.354330708661417,6.692913385826771
2023,8,254,34,17,0.00012193953863589205,0.0001890744581879482,grad_NO2_grid,13.385826771653543,6.692913385826771
2023,9,254,45,27,0.00016103137940459898,0.000268360143183512,grad_NO2_grid,17.716535433070867,10.62992125984252
2023,10,254,42,20,0.00013992633116444435,0.00022790670655581418,grad_NO2_grid,16.53543307086614,7.874015748031496
2023,11,254,33,13,0.00012506469687827886,0.00018454186368955562,grad_NO2_grid,12.992125984251969,5.118110236220472
2023,12,254,32,10,0.0001157591613013399,0.00016854710879137251,grad_NO2_grid,12.598425196850394,3.937007874015748
2024,1,254,34,14,0.00012380050130048403,0.00019004292680699204,grad_NO2_grid,13.385826771653543,5.511811023622047
2024,2,254,32,11,0.00011294599347797927,0.00017637060055558803,grad_NO2_grid,12.598425196850394,4.330708661417323
2024,3,254,38,10,0.00010789742504997986,0.00018004197712795782,grad_NO2_grid,14.960629921259843,3.937007874015748
2024,4,254,41,17,0.00013050778713671876,0.00020772550076057978,grad_NO2_grid,16.141732283464567,6.692913385826771
2024,5,254,49,27,0.00015091272339469507,0.00023269140147804746,grad_NO2_grid,19.291338582677167,10.62992125984252
2024,6,254,39,18,0.00013851731966621836,0.00019164885097307306,grad_NO2_grid,15.354330708661417,7.086614173228346
2024,7,254,37,19,0.00012846252305535164,0.00020925017389101665,grad_NO2_grid,14.566929133858268,7.480314960629921
2024,8,254,37,18,0.0001244949437982121,0.00022005658175619245,grad_NO2_grid,14.566929133858268,7.086614173228346
2024,9,254,20,9,9.058611429855748e-05,0.0001580160601404848,grad_NO2_grid,7.874015748031496,3.543307086614173
2024,10,254,18,8,9.069386782400379e-05,0.00017012623046534314,grad_NO2_grid,7.086614173228346,3.1496062992125986
2024,11,254,37,16,0.0001270075980440382,0.00022353886936602436,grad_NO2_grid,14.566929133858268,6.299212598425197
2024,12,254,26,9,0.00010200781673048161,0.000155658297834496,grad_NO2_grid,10.236220472440944,3.543307086614173
2020,1,254,21,11,0.0001353788041077306,0.00026375692714094656,adv_proxy_NO2_grid,8.26771653543307,4.330708661417323
2020,2,254,39,17,0.00018053186121668065,0.00032431020109171713,adv_proxy_NO2_grid,15.354330708661417,6.692913385826771
2020,3,254,16,8,0.0001103840590815229,0.000211447139067152,adv_proxy_NO2_grid,6.299212598425197,3.1496062992125986
2020,4,254,10,7,5.255054657844891e-05,0.00013061752247323538,adv_proxy_NO2_grid,3.937007874015748,2.7559055118110236
2020,5,254,16,11,9.49150862847224e-05,0.00019071333227098128,adv_proxy_NO2_grid,6.299212598425197,4.330708661417323
2020,6,254,15,9,9.389862423558468e-05,0.00018605737747411392,adv_proxy_NO2_grid,5.905511811023622,3.543307086614173
2020,7,254,16,8,0.00010018876688176927,0.00018617474925173433,adv_proxy_NO2_grid,6.299212598425197,3.1496062992125986
2020,8,254,14,8,9.709479662118632e-05,0.00017155355412147753,adv_proxy_NO2_grid,5.511811023622047,3.1496062992125986
2020,9,254,24,7,0.00012625261110859822,0.00022021538432521987,adv_proxy_NO2_grid,9.448818897637794,2.7559055118110236
2020,10,254,19,7,0.00011002374081148692,0.00018886697263730432,adv_proxy_NO2_grid,7.480314960629921,2.7559055118110236
2020,11,254,16,6,8.497516523533104e-05,0.0001691097219498667,adv_proxy_NO2_grid,6.299212598425197,2.3622047244094486
2020,12,254,21,6,0.00010023413912569933,0.00017866687471603193,adv_proxy_NO2_grid,8.26771653543307,2.3622047244094486
2021,1,254,6,0,4.9262053598969e-05,9.070274177239211e-05,adv_proxy_NO2_grid,2.3622047244094486,0.0
2021,2,254,13,1,7.938059007919437e-05,0.00012895232101118703,adv_proxy_NO2_grid,5.118110236220472,0.3937007874015748
2021,3,254,7,1,5.579055578927784e-05,9.525024820655326e-05,adv_proxy_NO2_grid,2.7559055118110236,0.3937007874015748
2021,4,254,15,2,8.09320272383897e-05,0.0001333411639167189,adv_proxy_NO2_grid,5.905511811023622,0.7874015748031497
2021,5,254,18,3,8.716062340734632e-05,0.00014584747515418098,adv_proxy_NO2_grid,7.086614173228346,1.1811023622047243
2021,6,254,27,11,0.00010584977001921148,0.00018665640893819518,adv_proxy_NO2_grid,10.62992125984252,4.330708661417323
2021,7,254,51,34,0.0001974104195871427,0.000322619391356817,adv_proxy_NO2_grid,20.078740157480315,13.385826771653543
2021,8,254,50,27,0.00021301002614335112,0.0003118407347301911,adv_proxy_NO2_grid,19.68503937007874,10.62992125984252
2021,9,254,53,26,0.00021438857441817915,0.0002735396778072564,adv_proxy_NO2_grid,20.866141732283463,10.236220472440944
2021,10,254,27,7,0.00010546169185466092,0.00017063633172867632,adv_proxy_NO2_grid,10.62992125984252,2.7559055118110236
2021,11,254,16,1,8.031385982853559e-05,0.0001367950148767394,adv_proxy_NO2_grid,6.299212598425197,0.3937007874015748
2021,12,254,22,8,9.373693496533338e-05,0.0001644656653617434,adv_proxy_NO2_grid,8.661417322834646,3.1496062992125986
2022,1,254,34,11,0.00012120312463450211,0.00019625336324533257,adv_proxy_NO2_grid,13.385826771653543,4.330708661417323
2022,2,254,6,2,4.774169573237488e-05,0.00010981681321736702,adv_proxy_NO2_grid,2.3622047244094486,0.7874015748031497
2022,3,254,25,8,0.00010238558253369673,0.00017525958143654372,adv_proxy_NO2_grid,9.84251968503937,3.1496062992125986
2022,4,254,26,6,0.0001164382012636728,0.00019366276873155925,adv_proxy_NO2_grid,10.236220472440944,2.3622047244094486
2022,5,254,33,9,0.00011710075935326815,0.00018916876202962433,adv_proxy_NO2_grid,12.992125984251969,3.543307086614173
2022,6,254,26,7,0.00011123354988294199,0.00016383903866585485,adv_proxy_NO2_grid,10.236220472440944,2.7559055118110236
2022,7,254,31,14,0.0001296613585446661,0.0001964920838431593,adv_proxy_NO2_grid,12.204724409448819,5.511811023622047
2022,8,254,37,19,0.00015800547145906554,0.00023168890628862801,adv_proxy_NO2_grid,14.566929133858268,7.480314960629921
2022,9,254,29,18,0.0001413314752112146,0.0002389565033961188,adv_proxy_NO2_grid,11.417322834645669,7.086614173228346
2022,10,254,39,21,0.0001478253001733322,0.0002486788446967117,adv_proxy_NO2_grid,15.354330708661417,8.26771653543307
2022,11,254,32,14,0.00011769852692271127,0.00021595926409650435,adv_proxy_NO2_grid,12.598425196850394,5.511811023622047
2022,12,254,39,22,0.0001308315432506161,0.00023819279784279912,adv_proxy_NO2_grid,15.354330708661417,8.661417322834646
2023,1,254,37,17,0.00012699377132502633,0.00022818194873473123,adv_proxy_NO2_grid,14.566929133858268,6.692913385826771
2023,2,254,45,23,0.00015900195795759119,0.0002668222930644709,adv_proxy_NO2_grid,17.716535433070867,9.05511811023622
2023,3,254,34,12,0.00012393272814282725,0.0002085163511613021,adv_proxy_NO2_grid,13.385826771653543,4.724409448818897
2023,4,254,33,13,0.00012329482154471006,0.00020253218256545793,adv_proxy_NO2_grid,12.992125984251969,5.118110236220472
2023,5,254,39,19,0.00013773084219494163,0.0002321255670923347,adv_proxy_NO2_grid,15.354330708661417,7.480314960629921
2023,6,254,53,37,0.00019676234684873632,0.00031848503106038053,adv_proxy_NO2_grid,20.866141732283463,14.566929133858268
2023,7,254,54,38,0.00019734398036076885,0.0003181656757133708,adv_proxy_NO2_grid,21.25984251968504,14.960629921259843
2023,8,254,52,31,0.00019048005765755693,0.00029536270252220574,adv_proxy_NO2_grid,20.47244094488189,12.204724409448819
2023,9,254,56,35,0.00022775163908959146,0.00038182283246296876,adv_proxy_NO2_grid,22.04724409448819,13.779527559055119
2023,10,254,32,14,0.00012460983898020093,0.00020251938915372445,adv_proxy_NO2_grid,12.598425196850394,5.511811023622047
2023,11,254,31,9,0.0001220362045759313,0.00017906331934930763,adv_proxy_NO2_grid,12.204724409448819,3.543307086614173
2023,12,254,28,7,0.00011568719316383666,0.00016634137714040102,adv_proxy_NO2_grid,11.023622047244094,2.7559055118110236
2024,1,254,40,22,0.00016691920286338095,0.00025703251919734557,adv_proxy_NO2_grid,15.748031496062993,8.661417322834646
2024,2,254,36,13,0.00013346197182788642,0.00020599077405726997,adv_proxy_NO2_grid,14.173228346456693,5.118110236220472
2024,3,254,38,12,0.0001236642115820045,0.00020675595483167394,adv_proxy_NO2_grid,14.960629921259843,4.724409448818897
2024,4,254,32,13,0.00012837313326717072,0.00020438375508693906,adv_proxy_NO2_grid,12.598425196850394,5.118110236220472
2024,5,254,42,18,0.0001484985254789336,0.000229879568781169,adv_proxy_NO2_grid,16.53543307086614,7.086614173228346
2024,6,254,40,18,0.00015697877710362047,0.00021728033111469714,adv_proxy_NO2_grid,15.748031496062993,7.086614173228346
2024,7,254,48,31,0.00019174894990010277,0.0003127253081409968,adv_proxy_NO2_grid,18.89763779527559,12.204724409448819
2024,8,254,49,27,0.0001814720977579053,0.0003224501382232772,adv_proxy_NO2_grid,19.291338582677167,10.62992125984252
2024,9,254,30,16,0.00012977106290229705,0.00022715681639500602,adv_proxy_NO2_grid,11.811023622047244,6.299212598425197
2024,10,254,19,8,0.00010292293646543256,0.00019362989856111967,adv_proxy_NO2_grid,7.480314960629921,3.1496062992125986
2024,11,254,27,9,0.00011793738341805153,0.0002065844614604726,adv_proxy_NO2_grid,10.62992125984252,3.543307086614173
2024,12,254,17,3,9.028958085125157e-05,0.00013717760875625154,adv_proxy_NO2_grid,6.692913385826771,1.1811023622047243
