cell_id,fecha,year,month,Vel_viento_idw,variable,q1,q3,iqr,lower_iqr15,upper_iqr15,lower_iqr30,upper_iqr30,flag_iqr15,flag_iqr30,abs_value,diff_O3_grid,grad_O3_grid,adv_proxy_O3_grid
486,2023-07-01,2023,7,1.7177419354838714,Vel_viento_idw,0.9443333333333334,1.2158064516129037,0.2714731182795703,0.5371236559139778,1.6230161290322591,0.12991397849462238,2.0302258064516145,True,False,1.7177419354838714,,,
464,2023-07-01,2023,7,1.7177419354838714,Vel_viento_idw,0.9443333333333334,1.2158064516129037,0.2714731182795703,0.5371236559139778,1.6230161290322591,0.12991397849462238,2.0302258064516145,True,False,1.7177419354838714,,,
523,2023-07-01,2023,7,1.7177419354838714,Vel_viento_idw,0.9443333333333334,1.2158064516129037,0.2714731182795703,0.5371236559139778,1.6230161290322591,0.12991397849462238,2.0302258064516145,True,False,1.7177419354838714,,,
304,2023-07-01,2023,7,1.7177419354838714,Vel_viento_idw,0.9443333333333334,1.2158064516129037,0.2714731182795703,0.5371236559139778,1.6230161290322591,0.12991397849462238,2.0302258064516145,True,False,1.7177419354838714,,,
126,2023-07-01,2023,7,1.7177419354838714,Vel_viento_idw,0.9443333333333334,1.2158064516129037,0.2714731182795703,0.5371236559139778,1.6230161290322591,0.12991397849462238,2.0302258064516145,True,False,1.7177419354838714,,,
169,2023-07-01,2023,7,1.7177419354838714,Vel_viento_idw,0.9443333333333334,1.2158064516129037,0.2714731182795703,0.5371236559139778,1.6230161290322591,0.12991397849462238,2.0302258064516145,True,False,1.7177419354838714,,,
176,2023-07-01,2023,7,1.7177419354838714,Vel_viento_idw,0.9443333333333334,1.2158064516129037,0.2714731182795703,0.5371236559139778,1.6230161290322591,0.12991397849462238,2.0302258064516145,True,False,1.7177419354838714,,,
2,2023-07-01,2023,7,1.7177419354838712,Vel_viento_idw,0.9443333333333334,1.2158064516129037,0.2714731182795703,0.5371236559139778,1.6230161290322591,0.12991397849462238,2.0302258064516145,True,False,1.7177419354838712,,,
517,2023-07-01,2023,7,1.7177419354838712,Vel_viento_idw,0.9443333333333334,1.2158064516129037,0.2714731182795703,0.5371236559139778,1.6230161290322591,0.12991397849462238,2.0302258064516145,True,False,1.7177419354838712,,,
519,2023-07-01,2023,7,1.7177419354838712,Vel_viento_idw,0.9443333333333334,1.2158064516129037,0.2714731182795703,0.5371236559139778,1.6230161290322591,0.12991397849462238,2.0302258064516145,True,False,1.7177419354838712,,,
507,2023-07-01,2023,7,1.7177419354838712,Vel_viento_idw,0.9443333333333334,1.2158064516129037,0.2714731182795703,0.5371236559139778,1.6230161290322591,0.12991397849462238,2.0302258064516145,True,False,1.7177419354838712,,,
467,2023-07-01,2023,7,1.7177419354838712,Vel_viento_idw,0.9443333333333334,1.2158064516129037,0.2714731182795703,0.5371236559139778,1.6230161290322591,0.12991397849462238,2.0302258064516145,True,False,1.7177419354838712,,,
445,2023-07-01,2023,7,1.7177419354838712,Vel_viento_idw,0.9443333333333334,1.2158064516129037,0.2714731182795703,0.5371236559139778,1.6230161290322591,0.12991397849462238,2.0302258064516145,True,False,1.7177419354838712,,,
472,2023-07-01,2023,7,1.7177419354838712,Vel_viento_idw,0.9443333333333334,1.2158064516129037,0.2714731182795703,0.5371236559139778,1.6230161290322591,0.12991397849462238,2.0302258064516145,True,False,1.7177419354838712,,,
403,2023-07-01,2023,7,1.7177419354838712,Vel_viento_idw,0.9443333333333334,1.2158064516129037,0.2714731182795703,0.5371236559139778,1.6230161290322591,0.12991397849462238,2.0302258064516145,True,False,1.7177419354838712,,,
485,2023-03-01,2023,3,,diff_O3_grid,-0.096547435631721,0.04348004724944182,0.14002748288116282,-0.3065886599534652,0.25352127157118604,-0.5166298842752094,0.46356249589293025,True,True,47.7790617631763,-47.7790617631763,,
483,2021-02-01,2021,2,,diff_O3_grid,-0.096547435631721,0.04348004724944182,0.14002748288116282,-0.3065886599534652,0.25352127157118604,-0.5166298842752094,0.46356249589293025,True,True,45.342969011917134,-45.342969011917134,,
483,2020-12-01,2020,12,,diff_O3_grid,-0.096547435631721,0.04348004724944182,0.14002748288116282,-0.3065886599534652,0.25352127157118604,-0.5166298842752094,0.46356249589293025,True,True,44.36694262890724,-44.36694262890724,,
523,2023-03-01,2023,3,,diff_O3_grid,-0.096547435631721,0.04348004724944182,0.14002748288116282,-0.3065886599534652,0.25352127157118604,-0.5166298842752094,0.46356249589293025,True,True,40.73198026597122,40.73198026597122,,
486,2023-03-01,2023,3,,diff_O3_grid,-0.096547435631721,0.04348004724944182,0.14002748288116282,-0.3065886599534652,0.25352127157118604,-0.5166298842752094,0.46356249589293025,True,True,40.70746840338444,-40.70746840338444,,
483,2020-09-01,2020,9,,diff_O3_grid,-0.096547435631721,0.04348004724944182,0.14002748288116282,-0.3065886599534652,0.25352127157118604,-0.5166298842752094,0.46356249589293025,True,True,40.1247334222527,-40.1247334222527,,
523,2021-01-01,2021,1,,diff_O3_grid,-0.096547435631721,0.04348004724944182,0.14002748288116282,-0.3065886599534652,0.25352127157118604,-0.5166298842752094,0.46356249589293025,True,True,40.0128630971284,40.0128630971284,,
483,2020-03-01,2020,3,,diff_O3_grid,-0.096547435631721,0.04348004724944182,0.14002748288116282,-0.3065886599534652,0.25352127157118604,-0.5166298842752094,0.46356249589293025,True,True,39.9203194248002,-39.9203194248002,,
523,2021-02-01,2021,2,,diff_O3_grid,-0.096547435631721,0.04348004724944182,0.14002748288116282,-0.3065886599534652,0.25352127157118604,-0.5166298842752094,0.46356249589293025,True,True,37.53389180870106,37.53389180870106,,
483,2021-03-01,2021,3,,diff_O3_grid,-0.096547435631721,0.04348004724944182,0.14002748288116282,-0.3065886599534652,0.25352127157118604,-0.5166298842752094,0.46356249589293025,True,True,36.78747573996797,-36.78747573996797,,
523,2021-03-01,2021,3,,diff_O3_grid,-0.096547435631721,0.04348004724944182,0.14002748288116282,-0.3065886599534652,0.25352127157118604,-0.5166298842752094,0.46356249589293025,True,True,35.94773241799594,35.94773241799594,,
483,2020-01-01,2020,1,,diff_O3_grid,-0.096547435631721,0.04348004724944182,0.14002748288116282,-0.3065886599534652,0.25352127157118604,-0.5166298842752094,0.46356249589293025,True,True,35.474411366019275,-35.474411366019275,,
483,2020-08-01,2020,8,,diff_O3_grid,-0.096547435631721,0.04348004724944182,0.14002748288116282,-0.3065886599534652,0.25352127157118604,-0.5166298842752094,0.46356249589293025,True,True,35.186819003040256,-35.186819003040256,,
483,2021-01-01,2021,1,,diff_O3_grid,-0.096547435631721,0.04348004724944182,0.14002748288116282,-0.3065886599534652,0.25352127157118604,-0.5166298842752094,0.46356249589293025,True,True,33.8849715722115,-33.8849715722115,,
567,2020-03-01,2020,3,,diff_O3_grid,-0.096547435631721,0.04348004724944182,0.14002748288116282,-0.3065886599534652,0.25352127157118604,-0.5166298842752094,0.46356249589293025,True,True,33.8755609106144,-33.8755609106144,,
485,2023-03-01,2023,3,,grad_O3_grid,4.181915784118253e-06,8.231242774834807e-05,7.813051196422983e-05,-0.00011301385216222648,0.0001995081956946928,-0.0002302096201085712,0.0003167039636410375,True,True,0.0016608652014765,,0.0016608652014765,
483,2021-02-01,2021,2,,grad_O3_grid,4.181915784118253e-06,8.231242774834807e-05,7.813051196422983e-05,-0.00011301385216222648,0.0001995081956946928,-0.0002302096201085712,0.0003167039636410375,True,True,0.0015735162230146,,0.0015735162230146,
483,2020-12-01,2020,12,,grad_O3_grid,4.181915784118253e-06,8.231242774834807e-05,7.813051196422983e-05,-0.00011301385216222648,0.0001995081956946928,-0.0002302096201085712,0.0003167039636410375,True,True,0.0015449226863222,,0.0015449226863222,
486,2023-03-01,2023,3,,grad_O3_grid,4.181915784118253e-06,8.231242774834807e-05,7.813051196422983e-05,-0.00011301385216222648,0.0001995081956946928,-0.0002302096201085712,0.0003167039636410375,True,True,0.0014987819037254,,0.0014987819037254,
523,2023-03-01,2023,3,,grad_O3_grid,4.181915784118253e-06,8.231242774834807e-05,7.813051196422983e-05,-0.00011301385216222648,0.0001995081956946928,-0.0002302096201085712,0.0003167039636410375,True,True,0.0014051576712023,,0.0014051576712023,
483,2020-03-01,2020,3,,grad_O3_grid,4.181915784118253e-06,8.231242774834807e-05,7.813051196422983e-05,-0.00011301385216222648,0.0001995081956946928,-0.0002302096201085712,0.0003167039636410375,True,True,0.0014016854476833,,0.0014016854476833,
483,2020-09-01,2020,9,,grad_O3_grid,4.181915784118253e-06,8.231242774834807e-05,7.813051196422983e-05,-0.00011301385216222648,0.0001995081956946928,-0.0002302096201085712,0.0003167039636410375,True,True,0.0013937422241451,,0.0013937422241451,
523,2021-01-01,2021,1,,grad_O3_grid,4.181915784118253e-06,8.231242774834807e-05,7.813051196422983e-05,-0.00011301385216222648,0.0001995081956946928,-0.0002302096201085712,0.0003167039636410375,True,True,0.0013827358724026,,0.0013827358724026,
523,2021-02-01,2021,2,,grad_O3_grid,4.181915784118253e-06,8.231242774834807e-05,7.813051196422983e-05,-0.00011301385216222648,0.0001995081956946928,-0.0002302096201085712,0.0003167039636410375,True,True,0.0012907062233707,,0.0012907062233707,
483,2021-03-01,2021,3,,grad_O3_grid,4.181915784118253e-06,8.231242774834807e-05,7.813051196422983e-05,-0.00011301385216222648,0.0001995081956946928,-0.0002302096201085712,0.0003167039636410375,True,True,0.0012754410734922,,0.0012754410734922,
523,2021-03-01,2021,3,,grad_O3_grid,4.181915784118253e-06,8.231242774834807e-05,7.813051196422983e-05,-0.00011301385216222648,0.0001995081956946928,-0.0002302096201085712,0.0003167039636410375,True,True,0.0012407662114746,,0.0012407662114746,
486,2022-12-01,2022,12,,grad_O3_grid,4.181915784118253e-06,8.231242774834807e-05,7.813051196422983e-05,-0.00011301385216222648,0.0001995081956946928,-0.0002302096201085712,0.0003167039636410375,True,True,0.0012403122552478,,0.0012403122552478,
483,2020-01-01,2020,1,,grad_O3_grid,4.181915784118253e-06,8.231242774834807e-05,7.813051196422983e-05,-0.00011301385216222648,0.0001995081956946928,-0.0002302096201085712,0.0003167039636410375,True,True,0.0012340183293737,,0.0012340183293737,
483,2020-08-01,2020,8,,grad_O3_grid,4.181915784118253e-06,8.231242774834807e-05,7.813051196422983e-05,-0.00011301385216222648,0.0001995081956946928,-0.0002302096201085712,0.0003167039636410375,True,True,0.0012237721125608,,0.0012237721125608,
567,2020-03-01,2020,3,,grad_O3_grid,4.181915784118253e-06,8.231242774834807e-05,7.813051196422983e-05,-0.00011301385216222648,0.0001995081956946928,-0.0002302096201085712,0.0003167039636410375,True,True,0.0011835701997902,,0.0011835701997902,
483,2020-01-01,2020,1,,adv_proxy_O3_grid,4.588621921303093e-06,9.086406935556552e-05,8.627544743426243e-05,-0.00012482454923009058,0.0002202772405069592,-0.0002542377203814842,0.00034969041165835285,True,True,0.0018550081983488,,,0.0018550081983488
568,2024-09-01,2024,9,,adv_proxy_O3_grid,4.588621921303093e-06,9.086406935556552e-05,8.627544743426243e-05,-0.00012482454923009058,0.0002202772405069592,-0.0002542377203814842,0.00034969041165835285,True,True,0.0016489717607431,,,0.0016489717607431
483,2021-02-01,2021,2,,adv_proxy_O3_grid,4.588621921303093e-06,9.086406935556552e-05,8.627544743426243e-05,-0.00012482454923009058,0.0002202772405069592,-0.0002542377203814842,0.00034969041165835285,True,True,0.0016432005128909,,,0.0016432005128909
483,2020-09-01,2020,9,,adv_proxy_O3_grid,4.588621921303093e-06,9.086406935556552e-05,8.627544743426243e-05,-0.00012482454923009058,0.0002202772405069592,-0.0002542377203814842,0.00034969041165835285,True,True,0.0015805036821805,,,0.0015805036821805
523,2020-01-01,2020,1,,adv_proxy_O3_grid,4.588621921303093e-06,9.086406935556552e-05,8.627544743426243e-05,-0.00012482454923009058,0.0002202772405069592,-0.0002542377203814842,0.00034969041165835285,True,True,0.0015651610372723,,,0.0015651610372723
523,2021-01-01,2021,1,,adv_proxy_O3_grid,4.588621921303093e-06,9.086406935556552e-05,8.627544743426243e-05,-0.00012482454923009058,0.0002202772405069592,-0.0002542377203814842,0.00034969041165835285,True,True,0.0014790813396409,,,0.0014790813396409
483,2020-03-01,2020,3,,adv_proxy_O3_grid,4.588621921303093e-06,9.086406935556552e-05,8.627544743426243e-05,-0.00012482454923009058,0.0002202772405069592,-0.0002542377203814842,0.00034969041165835285,True,True,0.0014722218766635,,,0.0014722218766635
527,2024-09-01,2024,9,,adv_proxy_O3_grid,4.588621921303093e-06,9.086406935556552e-05,8.627544743426243e-05,-0.00012482454923009058,0.0002202772405069592,-0.0002542377203814842,0.00034969041165835285,True,True,0.0014711141597257,,,0.0014711141597257
523,2024-08-01,2024,8,,adv_proxy_O3_grid,4.588621921303093e-06,9.086406935556552e-05,8.627544743426243e-05,-0.00012482454923009058,0.0002202772405069592,-0.0002542377203814842,0.00034969041165835285,True,True,0.0014552996434581,,,0.0014552996434581
485,2023-03-01,2023,3,,adv_proxy_O3_grid,4.588621921303093e-06,9.086406935556552e-05,8.627544743426243e-05,-0.00012482454923009058,0.0002202772405069592,-0.0002542377203814842,0.00034969041165835285,True,True,0.0014465600141892,,,0.0014465600141892
483,2020-08-01,2020,8,,adv_proxy_O3_grid,4.588621921303093e-06,9.086406935556552e-05,8.627544743426243e-05,-0.00012482454923009058,0.0002202772405069592,-0.0002542377203814842,0.00034969041165835285,True,True,0.0013647032881041,,,0.0013647032881041
523,2021-07-01,2021,7,,adv_proxy_O3_grid,4.588621921303093e-06,9.086406935556552e-05,8.627544743426243e-05,-0.00012482454923009058,0.0002202772405069592,-0.0002542377203814842,0.00034969041165835285,True,True,0.0013499722801818,,,0.0013499722801818
523,2021-02-01,2021,2,,adv_proxy_O3_grid,4.588621921303093e-06,9.086406935556552e-05,8.627544743426243e-05,-0.00012482454923009058,0.0002202772405069592,-0.0002542377203814842,0.00034969041165835285,True,True,0.0013478660704057,,,0.0013478660704057
483,2020-12-01,2020,12,,adv_proxy_O3_grid,4.588621921303093e-06,9.086406935556552e-05,8.627544743426243e-05,-0.00012482454923009058,0.0002202772405069592,-0.0002542377203814842,0.00034969041165835285,True,True,0.0013445810992572,,,0.0013445810992572
523,2020-10-01,2020,10,,adv_proxy_O3_grid,4.588621921303093e-06,9.086406935556552e-05,8.627544743426243e-05,-0.00012482454923009058,0.0002202772405069592,-0.0002542377203814842,0.00034969041165835285,True,True,0.001329284109502,,,0.001329284109502
