run_id,pollutant,endpoint,Localidad,avoided_cases_total,economic_value_total_cop_2015,participacion_casos_pct,participacion_cop_pct
NO2_ASTHMA,NO2,Asthma,SUMAPAZ,6.062824686487204,188864056.7825829,47.68798713377661,47.6879871337766
NO2_ASTHMA,NO2,Asthma,USME,1.6971842447812775,52869267.73444199,13.349437698432244,13.349437698432242
NO2_ASTHMA,NO2,Asthma,CIUDAD BOLIVAR,0.993114851018726,30936685.342802037,7.81148238432466,7.811482384324661
NO2_ASTHMA,NO2,Asthma,SUBA,0.7990939800475059,24892709.030277986,6.2853843562583815,6.2853843562583815
NO2_ASTHMA,NO2,Asthma,USAQUEN,0.4484837703158824,13970792.269779818,3.5276112001389897,3.5276112001389897
NO2_ASTHMA,NO2,Asthma,SAN CRISTOBAL,0.41151509720260293,12819175.005700795,3.236828982452877,3.236828982452877
NO2_ASTHMA,NO2,Asthma,SANTA FE,0.3971371277649297,12371284.496455621,3.1237370728217466,3.1237370728217466
NO2_ASTHMA,NO2,Asthma,FONTIBON,0.3159040304076164,9840778.815479739,2.484786896636316,2.484786896636316
NO2_ASTHMA,NO2,Asthma,KENNEDY,0.3112925539245494,9697125.947157376,2.4485146897749908,2.4485146897749908
NO2_ASTHMA,NO2,Asthma,ENGATIVA,0.2739633743890445,8534278.487762064,2.1548968589029895,2.1548968589029895
NO2_ASTHMA,NO2,Asthma,CHAPINERO,0.26838754292088096,8360584.8374474775,2.111039384365333,2.111039384365333
NO2_ASTHMA,NO2,Asthma,PUENTE ARANDA,0.17233081493436342,5368305.781576239,1.3554918887329275,1.355491888732928
NO2_ASTHMA,NO2,Asthma,BOSA,0.1635933990560805,5096125.091237791,1.2867665342105243,1.2867665342105243
NO2_ASTHMA,NO2,Asthma,RAFAEL URIBE URIBE,0.1431579344573311,4459536.546139536,1.1260285575657556,1.1260285575657554
NO2_ASTHMA,NO2,Asthma,LOS MARTIRES,0.0736151578851327,2293197.98572834,0.5790302183570406,0.5790302183570407
NO2_ASTHMA,NO2,Asthma,TEUSAQUILLO,0.0648252954773198,2019383.5248549676,0.5098923383939774,0.5098923383939775
NO2_ASTHMA,NO2,Asthma,BARRIOS UNIDOS,0.0630718934852733,1964763.0087568124,0.4961007122195615,0.4961007122195615
NO2_ASTHMA,NO2,Asthma,TUNJUELITO,0.0540303363641592,1683107.9641484788,0.4249830926350808,0.4249830926350808
NO2_CLD,NO2,Chronic Lung Disease,SUMAPAZ,4.5084451108355434,192246800.20257354,47.687532701836595,47.6875327018366
NO2_CLD,NO2,Chronic Lung Disease,USME,1.2620672591320472,53816423.67685437,13.349363741199637,13.349363741199637
NO2_CLD,NO2,Chronic Lung Disease,CIUDAD BOLIVAR,0.7385031676174201,31490872.66753966,7.81142790704595,7.811427907045949
NO2_CLD,NO2,Chronic Lung Disease,SUBA,0.594247422675531,25339593.303116594,6.285580217825836,6.285580217825836
NO2_CLD,NO2,Chronic Lung Disease,USAQUEN,0.3334802156131527,14220092.028715286,3.527346634263556,3.5273466342635564
NO2_CLD,NO2,Chronic Lung Disease,SAN CRISTOBAL,0.3059868771662288,13047735.215364184,3.2365391731459106,3.236539173145911
NO2_CLD,NO2,Chronic Lung Disease,SANTA FE,0.2953267656408685,12593172.216332067,3.1237831332089776,3.1237831332089776
NO2_CLD,NO2,Chronic Lung Disease,FONTIBON,0.234948520865137,10018554.121928576,2.4851395540064405,2.48513955400644
NO2_CLD,NO2,Chronic Lung Disease,KENNEDY,0.23152085875640188,9872393.515249303,2.44888387274988,2.44888387274988
NO2_CLD,NO2,Chronic Lung Disease,ENGATIVA,0.2037299561590628,8687348.124269778,2.154928962832267,2.1549289628322668
NO2_CLD,NO2,Chronic Lung Disease,CHAPINERO,0.19957852694238098,8510325.012408793,2.1110177225569733,2.1110177225569733
NO2_CLD,NO2,Chronic Lung Disease,PUENTE ARANDA,0.1281865567110297,5466065.295428218,1.3558777948524618,1.3558777948524623
NO2_CLD,NO2,Chronic Lung Disease,BOSA,0.1216477777399909,5187242.041842878,1.2867146513859764,1.2867146513859764
NO2_CLD,NO2,Chronic Lung Disease,RAFAEL URIBE URIBE,0.1064622464180789,4539708.416780623,1.1260915310627404,1.1260915310627404
NO2_CLD,NO2,Chronic Lung Disease,LOS MARTIRES,0.0547417927822057,2334271.4042227734,0.5790246901719064,0.5790246901719064
NO2_CLD,NO2,Chronic Lung Disease,TEUSAQUILLO,0.0481996128971575,2055303.130609464,0.5098255739489488,0.5098255739489489
NO2_CLD,NO2,Chronic Lung Disease,BARRIOS UNIDOS,0.0468951941321215,1999680.77577594,0.4960282422779828,0.49602824227798287
NO2_CLD,NO2,Chronic Lung Disease,TUNJUELITO,0.0401700548934868,1712910.843402363,0.4248938956279553,0.42489389562795543
O3_MAIN,O3,Respiratory mortality,SUMAPAZ,1.0479912636319113,25301678566.08172,47.53759112611967,47.53759112611967
O3_MAIN,O3,Respiratory mortality,USME,0.291927242579402,7048006517.562807,13.242016778099213,13.242016778099213
O3_MAIN,O3,Respiratory mortality,CIUDAD BOLIVAR,0.17543841173052319,4235613841.2511415,7.958004779313408,7.958004779313407
O3_MAIN,O3,Respiratory mortality,SUBA,0.1289878651138667,3114157164.5605307,5.85097663005686,5.850976630056858
O3_MAIN,O3,Respiratory mortality,USAQUEN,0.0908687343175783,2193846062.649597,4.121867126226587,4.1218671262265865
O3_MAIN,O3,Respiratory mortality,SAN CRISTOBAL,0.0726952352444235,1755082832.5283866,3.2975049409193007,3.2975049409193
O3_MAIN,O3,Respiratory mortality,SANTA FE,0.0692257071157006,1671317930.5341668,3.1401248030236757,3.1401248030236752
O3_MAIN,O3,Respiratory mortality,FONTIBON,0.0562072258770278,1357012421.3661466,2.5495977063927877,2.5495977063927873
O3_MAIN,O3,Respiratory mortality,KENNEDY,0.0515889705315521,1245513770.2396464,2.340110526539397,2.340110526539397
O3_MAIN,O3,Respiratory mortality,CHAPINERO,0.04939579976488205,1192563995.0797813,2.240626820144362,2.240626820144362
O3_MAIN,O3,Respiratory mortality,ENGATIVA,0.048715675096358296,1176143728.6662867,2.2097759060870996,2.2097759060870996
O3_MAIN,O3,Respiratory mortality,BOSA,0.028631733751895014,691256644.3249705,1.2987547697798008,1.2987547697798008
O3_MAIN,O3,Respiratory mortality,RAFAEL URIBE URIBE,0.0216855435603589,523554605.5922835,0.9836708939227159,0.9836708939227157
O3_MAIN,O3,Respiratory mortality,PUENTE ARANDA,0.0189300435521697,457028501.8780009,0.858679553552797,0.8586795535527971
O3_MAIN,O3,Respiratory mortality,BARRIOS UNIDOS,0.014006310741055,338154700.86905444,0.6353357096567464,0.6353357096567462
O3_MAIN,O3,Respiratory mortality,TUNJUELITO,0.0139074733923603,335768468.3556932,0.630852380803455,0.6308523808034548
O3_MAIN,O3,Respiratory mortality,TEUSAQUILLO,0.0134055211399822,323649822.918538,0.608083487811265,0.6080834878112649
O3_MAIN,O3,Respiratory mortality,LOS MARTIRES,0.0109439742995023,264220637.68150184,0.49642606155086333,0.49642606155086333
PM25_MAIN,PM25,All-cause mortality,SUMAPAZ,0.6149741634369725,14847336184.657755,47.31301812700969,47.31301812700969
PM25_MAIN,PM25,All-cause mortality,USME,0.17247937944463065,4164173852.8061547,13.269695690289838,13.269695690289838
PM25_MAIN,PM25,All-cause mortality,CIUDAD BOLIVAR,0.10400227673438428,2510929496.6396923,8.001411924175105,8.001411924175105
PM25_MAIN,PM25,All-cause mortality,SUBA,0.0788202469748738,1902959139.7031813,6.064033248251714,6.0640332482517145
PM25_MAIN,PM25,All-cause mortality,USAQUEN,0.0486044166033692,1173457612.164131,3.739379278888391,3.739379278888391
PM25_MAIN,PM25,All-cause mortality,SAN CRISTOBAL,0.0417094575915471,1006992449.0492738,3.2089158218739704,3.20891582187397
PM25_MAIN,PM25,All-cause mortality,SANTA FE,0.0401067060007243,968297178.4114854,3.085608178109088,3.0856081781090876
PM25_MAIN,PM25,All-cause mortality,KENNEDY,0.0327893795934627,791634788.9961268,2.522649898669928,2.5226498986699277
PM25_MAIN,PM25,All-cause mortality,FONTIBON,0.032780006321778896,791408489.8698972,2.5219287663046157,2.521928766304616
PM25_MAIN,PM25,All-cause mortality,CHAPINERO,0.027909903014908085,673829467.2862353,2.147247519940347,2.147247519940347
PM25_MAIN,PM25,All-cause mortality,ENGATIVA,0.027582623077128297,665927939.788636,2.1220682481116877,2.1220682481116877
PM25_MAIN,PM25,All-cause mortality,BOSA,0.016936831019403974,408906323.2224761,1.3030345674307133,1.3030345674307133
PM25_MAIN,PM25,All-cause mortality,PUENTE ARANDA,0.0155595484688585,375654557.1077403,1.1970733772633304,1.1970733772633306
PM25_MAIN,PM25,All-cause mortality,RAFAEL URIBE URIBE,0.0144341888489189,348484972.43364465,1.1104938699226714,1.1104938699226714
PM25_MAIN,PM25,All-cause mortality,TUNJUELITO,0.0105994512023393,255902808.16754243,0.8154684484139809,0.8154684484139811
PM25_MAIN,PM25,All-cause mortality,LOS MARTIRES,0.007280382400481,175770449.36113873,0.5601159934271329,0.5601159934271329
PM25_MAIN,PM25,All-cause mortality,TEUSAQUILLO,0.006827521478301,164837017.10290748,0.5252751524715232,0.5252751524715233
PM25_MAIN,PM25,All-cause mortality,BARRIOS UNIDOS,0.0064025747538074,154577517.9983207,0.4925818894462715,0.49258188944627157
